goal,rank,games,type,weight,groups,pw,img,notes
收集两个放置在不同关卡的1up,1,9,,0.3,mm9placed1up,,,"“放置”指的是预先放置在地图上的物品。小怪爆的不算。
Concrete (1), Magma (1), Hornet (2), Jewel (1需蜜蜂), Splash (1), Plug (2), Tornado (1), Wily 1 (2), Wily 2 (2), Wily 3 (1?), Wily 4 (1)"
插头关全收集,1,9,,,,,,
击败一个抓住你的竹蜻蜓,1,9,,,bunbycatcher,,,"<img src=""img/Bunby_catcher.png""/>"
无伤跳过一个压饼机器人,1,9,,,,,,"<img src=""img/MM9BigStomperOrange.png""/>"
收集一个只能用蜜蜂拿到的放置道具,1,9,,,,,,"“放置”指的是预先放置在地图上的物品。小怪爆的不算。
水泥，宝石，城堡4"
踏足插头关每个能踩到的优酷砖,1,9,,,,,,有个顶到天花板上的可以不踩
击败一个扫地机器人,1,9,,,,,,"<img src=""img/Gagabyoall.png""/>
可以用水泥，吹风，黑洞"
收集并消费50螺丝,1,9,,,,,,
让比特帮你脱坑,1,9,,,9beat,,,
用一次比特或钉鞋,1,9,,,9beat,,,
扑灭大火龙,1,9,,,,,,"<img src=""img/9-Extinguish-Changkey-Dragon.png""/>
可以用吹风或黑洞做到"
用一发龙卷风吹走至少6个敌人,1,9,,,,,,
站在水泥块上击败水泥人,1,9,,,concreteman,,,
通关银河人关卡（和平主义）,1,9,,,galaxy,,,
在插头关从第一个1up的位置返回起点,1,9,,,,,,
从银河人Boss门口返回到存档点后的房间,1,9,,,,,,"从BOSS门口的平台开始反跑，直到无法继续返回的版面为止。
也就是存档点右边的那个版面。"
用水泥块刹车竹蜻蜓,1,9,,0.0,bunbycatcher,,,"<img src=""img/Bunby_catcher.png""/>"
被银河关每一个竹蜻蜓抓住并保持存活,1,9,,,bunbycatcher,,,"<img src=""img/Bunby_catcher.png""/>
总共6个，需要被他们抓住。
不能主动打掉。"
从任一方向穿过水泥关的每一个假砖,1,9,,0.0,,,,
蜜蜂关全收集,1,9,,,,,,
龙卷风关全收集,1,9,,,,,,有一个E罐藏在第一个下雨版面的左上角的云里
站在凝固了一个敌人的水泥块上凝固另一个敌人,1,9,,0.0,,,,
击败两个在不同关卡中的安全帽,1,9,,,,,,银河，龙卷风，插头
收集一个E罐,1,9,,,,,,"龙卷风（藏在第一个雷雨房间左上角的云里），
插头，城堡1，城堡2"
击败两个在不同关卡中的炮台,1,9,,,,,,"<img src=""img/MM9RedClassicalCannon.png""/>
水泥，宝石，插头"
通关插头人关卡（和平主义）,1,9,,,plug,,,
城堡1全收集,1,9,,,mm9wily1allcollect,y,,
用一发黑洞同时击败两个推推球,1,9,,,spikepushers,y,,"<img src=""img/MM9WilyBoss1B.png""/><img src=""img/MM9WilyBoss1R.png""/>
不一定要最后一击，只要打爆一次就行。"
击败熔岩关每一个蹦蹦车,1,9,,,,,,"<img src=""img/MM9-JumpRoller-Sprite.png""/>
第一面有2个，存档面有4个，最后一面有3个"
一火三杀,1,9,,,,,,
在蜜蜂关击败每一种类型的花盆,1,9,,,,,,
在任一关卡的每个房间放狗,1,9,,,,,,每次切屏就算一面，包括BOSS走廊和BOSS房
连续9次无伤跳过复制人,1,9,,,,,,"<img src=""img/ShadowMegaMan.png""/>"
用蜜蜂拾取一个1up,1,9,,0.0,hornetchaser,,,
用蜜蜂拾取血和能量,1,9,,0.0,hornetchaser,,,
用黑洞累计捕获4种不同类型的子弹,1,9,,0.0,9projectile,,,"可以分开完成。
需要4种拥有不同贴图的子弹。
不同种小怪发出的相同子弹也被视为同一种。"
用钻石盾累计阻挡4种不同类型的子弹,1,9,,0.0,9projectile,,,"可以分开完成。
需要4种拥有不同贴图的子弹。
不同种小怪发出的相同子弹也被视为同一种。
弹开或吸收都算抵挡。"
用钻石盾摧毁一个小黄泥人及其所有分裂态,1,9,,,,,,"<img src=""img/PetitDevilYellow.png""/>"
被石头脸震晕并躲掉他接下来的冲撞,1,9,,,,,,"<img src=""img/StoneHead.png""/>"
在人鱼关第一个岔路走右路后收集左路的1up,1,9,,,,,,分路在第二个版面往下跳的地方，需要靠右下去
让一个掉落物卡在墙内,1,9,,,hornetchaser,,,可以引一个小怪到墙里。也可以用蜜蜂。
用蜜蜂让一个放置的1up卡在墙内,1,9,,,hornetchaser,,,"“放置”指的是预先放置在地图上的物品。小怪爆的不算。
Concrete (1), Magma (1), Hornet (2), Jewel (1)
Splash (1), Plug (2), Tornado (1)
Wily 1 (2), Wily 2 (2), Wily 3 (1?), Wily 4 (1)"
击败3种不同类型的能弹反P弹的小怪,1,9,,,,,,
收集三个放置在不同关卡的1up,2,9,,0.3,mm9placed1up,,,"Concrete (1), Magma (1), Hornet (2), Jewel (1需蜜蜂)
Splash (1), Plug (2), Tornado (1)
Wily 1 (2), Wily 2 (2), Wily 3 (1?), Wily 4 (1)"
让艾迪、比特和莱西同屏出现,2,9,,,,,,需要花100螺丝购买艾迪和比特
在熔岩关凝固并站在每一根岩浆柱的尾部,2,9,,,,,,
不摧毁任何小蜜蜂的情况下击败蜜蜂人,2,9,,,,,,
凝固两根岩浆柱并用一发三叉戟贯穿它们,2,9,,,,,,
全程装备电武器通关水泥人关卡,2,9,,,specialweapononly,,,如果有Boss，那么Boss也要打
在你被凝固时让水泥人爆炸,2,9,,,concreteman,,,
用钻石盾弹反击败一个敌人,2,9,,,,,,
全程装备火武器通关宝石人关卡,2,9,,,specialweapononly,,,如果有Boss，那么Boss也要打
不激活任何水雷的情况下抵达人鱼Boss门,2,9,,,okosutobon,,,"<img src=""img/Okosutobon.png""/>
需要用龙卷风来移开某些水雷。
也可以用黑洞吸收。
如果不慎激活，可以退回一段距离让他重新刷新。"
踏足人鱼关每个上升气泡版面的每一个气泡,2,9,,,,,,每一面3小2大，共5面，25个泡泡
用背对Boss发射的子弹击败一个机器人Boss,2,9,,,facingaway,,,这些武器可以做到：龙卷风、黑洞、电球、蜜蜂、钻石
逆克制击败一个机器人Boss,2,9,,0.0,,,,可以用其他武器压血线，然后逆克制补刀
水泥关全收集,2,9,,,,,,需要蜜蜂
用一发黑洞吞噬两种不同类型的敌人,2,9,,,,,,
在一个关卡中将16个不同的敌人转变成水泥块,2,9,,0.0,,,,不能拖屏刷同一只怪
在一个关卡中用黑洞吞噬15个不同的敌人,2,9,,0.0,,,,不能拖屏刷同一只怪
击败藏在天花板上的石头脸,2,9,,,stonehead,,,"<img src=""img/StoneHead.png""/>
需要能够攻击到天花板的武器：吹风，黑洞，火，蜜蜂"
击败插头关的每一个电球,2,9,,,plug,,,"<img src=""img/Smaplar.png""/>
可以用：钻石、黑洞、吹风"
仅用电球击败龙卷风人，且射击时始终背对他,2,9,,,facingaway,,,
仅用三叉戟击败水泥人以外的任一机器人Boss,2,9,,,,,,
用一发钻石盾从零开始刷满能量,2,9,,,fullrefill,,,
在人鱼人的战斗中击败30条小鱼鱼然后赢得战斗,2,9,,,,,,
击败一个小Boss（仅用它出现过的关卡中获得的武器）,2,9,,,,,,
用蜜蜂让每种类型的掉落物卡在墙里,2,9,,,"9dropsolidobject, hornetchaser",,,包括：1up，血，能量，螺丝
在龙卷风关的每个电池平台转一圈,2,9,,,,,,
抵达城堡2的Boss门（禁狗）,2,9,,,mm9wily2restricted,y,,
到达城堡2的存档点（禁狗+禁三叉戟）,2,9,,,mm9wily2restricted,y,,小BOSS下方
在城堡1用一发龙卷风吹动4个上升平台,2,9,,,,y,,不需要完全升上去，只要看到动了即可
在不踩任何绿平台的情况下抵达水泥人Boss门,3,9,,,,,maybevid.gif,"可以触发红平台（上升），不能触发绿平台（下降）
需要吹风或飞狗"
击败每种小Boss各一只,3,9,,,,,,"<table style=""text-align: center;""><tr><td colspan=""2""><img src=""img/Changkey_dragon.png"" /></td></tr><tr><td rowspan=""2""><img src=""img/Paozo.png"" /></td><td><img src=""img/StoneHead.png"" /></td></tr><tr><td><img src=""img/MM9-Hanabiran-Sprite.png"" /></td></tr></table>"
用墨汁洛克人击败人鱼人,3,9,,,okosutobon,,,按菜单或去世会刷掉墨汁状态！
纯P击败石头脸，且每轮只打一下,3,9,,,stonehead,,,"<img src=""img/StoneHead.png""/>
15 HP"
收集四个放置在不同关卡的1up,3,9,,0.3,mm9placed1up,,,"Concrete (1), Magma (1), Hornet (2), Jewel (1), Splash (1), Plug (2), Tornado (1), Wily 1 (2), Wily 2 (2), Wily 3 (1?), Wily 4 (1)"
仅用电球击败人鱼人,3,9,,,,,,
收集200个螺丝为萝露买一套衣服,3,9,,,,,,
通关龙卷风人关卡（和平主义+不死+不补血）,3,9,,,tornado,,,
用不同武器对付并击败水泥关的每一只大象,3,9,,,,,,"<img src=""img/Paozo.png""/>
钻石能量是不够的。"
在银河关用三种不同特武击败三个不同的竹蜻蜓,3,9,,0.0,,,,"<img src=""img/Bunby_catcher.png""/>
拖屏重复刷新的视为同一只"
在蜜蜂人的战斗中，用一发黑洞吞噬六只小蜜蜂,3,9,,,,,,
在前八关获得飞狗,4,9,,,"rushjet9, 4continuousstages",,,
破坏蜜蜂关的每一块可破坏地砖,3,9,,,,,,"<img src=""img/MM9-Bokazurah-Sprite.png""/>
小BOSS上方能投弹破坏地板的机器。
需要破坏总共三个版面的全部地板。"
在不展开任何花卷平台的情况下通关蜜蜂人关卡,3,9,,,,,,如果不小心触发了，可以就近自杀，从存档点重来。
用预先缠绕在平台上的电球击败小花花,3,9,,0.5,hanabiran,,,"<img src=""img/MM9-Hanabiran-Sprite.png"" />"
城堡2全收集（禁蜜蜂）,3,9,,,,y,,
用三种不同武器对付并击败鲨鱼的三个阶段,3,9,,,inkmegamechshark,y,,
击败城堡2的每一个小兵,3,9,,,,y,,"不能让<img src=""img/MM9-Adamski-Sprite.png""/>和<img src=""img/Illusian.png""/>逃跑了"
城堡3全收集,3,9,,,,y,,
抵达城堡1的Boss门（禁飞狗）,3,9,,,mm9wily1nojet,y,,有钉鞋会容易得多，但不是必要的
诱导城堡3的压饼机器人落坑且自己不死,3,9,,,mm9wily3lastroom,y,,"<img src=""img/MM9BigStomperOrange.png""/>"
收集放置在城堡1的第二个1up（禁蜜蜂）,2,9,,,mm9wily1notornado,y,,位于小Boss后方
不戴头盔通关任一关卡,3,9,,,,,,"需要到商店摘下头盔
摘头盔的状态只能持续一条命
如果玩的布鲁斯模式，就在不死且不补血的情况下完成任意一关即可"
持有9个人头,4,9,,0.3,mm9placed1uprank4,,,"到商店买命只能用你自己捡的螺丝，不能用跳关存档里的
Concrete (1), Magma (1), Hornet (2), Jewel (1需蜜蜂), Splash (1), Plug (2), Tornado (1), Wily 1 (2), Wily 2 (2), Wily 3 (1?), Wily 4 (1)"
收集6个放置的1up,4,9,,0.3,"mm9placed1up, mm9placed1uprank4",,,"Concrete (1), Magma (1), Hornet (2), Jewel (1需蜜蜂), Splash (1), Plug (2), Tornado (1), Wily 1 (2), Wily 2 (2), Wily 3 (1?), Wily 4 (1)"
收集放置在前八关的全部1up,4,9,,0.3,"mm9placed1up, mm9placed1uprank4",,,"Concrete (1), Magma (1), Hornet (2), Jewel (1需蜜蜂), Splash (1), Plug (2), Tornado (1)"
对每个平台上的小花花造成伤害后击败它,4,9,,0.5,hanabiran,,,"<img src=""img/MM9-Hanabiran-Sprite.png"" />"
纯P且不击落跟踪导弹的情况下击败鲨鱼一阶段,4,9,,,megamechshark,y,,推荐备个E罐。也允许用狗打出来的子弹造成伤害。
用墨汁洛克人击败鲨鱼,4,9,,,inkmegamechshark,y,,按菜单或去世会刷掉墨汁状态！
用每种武器各击败至少一个推推球,4,9,,,spikepushers,y,,"<img src=""img/MM9WilyBoss1B.png""/><img src=""img/MM9WilyBoss1R.png""/>
武器包括P弹。"
抵达城堡1的Boss门（禁飞狗+禁龙卷风）,4,9,,,"mm9wily1nojet, mm9wily1notornado",y,,有钉鞋会容易得多，但不是必要的
抵达城堡3的Boss门（和平主义）,4,9,,,mm9wily3rank4,y,,
反跑城堡3的最后一个横向版面,4,9,,0.5,"mm9wily3rank4, mm9wily3lastroom",y,vid.gif,"从最右端<img src=""img/MM9BigStomperOrange.png""/>的位置跑到最左端楼梯"
用水泥或黑洞击败城堡3的每一个小黄泥人,4,9,,0.5,mm9wily3rank4,y,,"<img src=""img/PetitDevilYellow.png""/>
只能使用水泥或黑洞对泥人造成伤害
其他敌人不限"
用每种武器各对双子泥造成至少一次伤害,4,9,,0.5,mm9wily3rank4,y,,"<img src=""img/MM9-TwinDevil-Sprite.png""/>
（双子恶魔）
包括P弹。
可以分多次完成。"
把假1up变真,4,9,,0.5,mm9wily3rank4,y,,"假1up只在城堡3出现。
在满血所有武器全满能量的情况下使用M罐，会把屏幕上所有的敌人转化成1up"
仅用任一机器人Boss自己的武器击败他自己,4,9,,0.8,mm9wily4rank4,y,,"只能在BR完成。
推荐这些BOSS可以不用W罐：人鱼、插头、火"
通关,4,9,,0.1,mm9wily4rank4,y,,
用每种武器各对威利逃生舱造成至少一次伤害,4,9,,0.1,mm9wily4rank4,y,,"威利第三形态。
包括P弹。
可以分多次完成。"
通关水泥人关卡,1,9,,,,,,
通关熔岩人关卡,1,9,,,,,,
通关蜜蜂人关卡,1,9,,,,,,
通关银河人关卡,1,9,,,galaxy,,,
通关宝石人关卡,1,9,,,,,,
通关插头人关卡,1,9,,,plug,,,
通关人鱼人关卡,1,9,,,,,,
通关龙卷风人关卡,1,9,,,tornado,,,
通关城堡1,1,9,,,spikepushers,y,,
通关城堡2,2,9,,,"megamechshark, inkmegamechshark",y,,
通关城堡3,3,9,,,twindevil,y,,
让艾迪、比特和莱西同屏出现,1,10,,,,,,如果玩的布鲁斯模式，就只让比特和道具团聚即可（
踏足摩托关最后一个房间每个减速带之间的小坑,1,10,,,,,,
在摩托关将一台盾车推到右边梯子上,1,10,,0.0,,,,那个带盾的可以被子弹击退的小兵
收集并消费50个螺丝,1,10,,,screws10,,,
摧毁太阳关每个火球机喷出的一个小火球,1,10,,,,,,"<img src=""img/MM9Changkey.png""/>"
踏足绵羊关的每个优酷砖,1,10,,,,,,"定时出现，定时消失的砖块
不是踩上去就消失的（羊砖）"
用落雷对水泵人之外的任一机器人Boss造成最后一击,1,10,,,,,,用闪电部分造成伤害，而不是羊毛
从冷冻关Boss门口返回到存档点,1,10,,,chilliceblock,,video.gif,"不能用复活直接传送回去
回到无法继续返回的地方"
踩踏绵羊关每一个节节高的头且不消灭它们,1,10,,,sheeppacifist,,,"<img src=""img/BariIII.png""/>
可以打掉身体部分"
用一发羊毛闪电击败四个敌人,1,10,,,,,,
在不骑任何泥头车的情况下抵达摩托人Boss门,1,10,,,,,,
引爆摩托关所有定时炸弹,1,10,,,,,,
在不引爆任何地雷的情况下抵达指令人Boss门,1,10,,,"commandopacifist, tsuraresand",,,
击落棒球关每个球笼和投球手扔出的一个球,1,10,,,strikepacifist,,,
反跑指令关最后一个沙尘暴房间,1,10,,,,,video.gif,
摧毁飞刀关所有可破坏的墙,1,10,,,commandowall,,,
在不站移动平台的情况下击败小城堡,1,10,,,,,,"<img src=""img/TricastleSprite.png""/>"
棒球关全收集,1,10,,,,,,最后一面要齿轮或飞狗
摧毁冷冻关所有冰块,1,10,,,chilliceblock,,,
击败水泵关每个管道怪,1,10,,,pumppacifist,,,"<img src=""img/MM10HaikerNSide.png""/>
必须走上路。"
破坏水泵关每个泡泡机的一个泡泡,1,10,,,pumptoproute,,,必须走下路
让一只蜘蛛落入无底洞,1,10,,,darspiderpit,,,可以在水泵或飞刀关卡完成
在一只倒挂的蜘蛛下垂时冻结它,1,10,,,chillspike,,,"会使它掉下来
在Blade, Pump, Wily 1(?), Wily 3可以完成"
击败棒球关所有鞋柜,1,10,,,strikepacifist,,,"<img src=""img/Dockalocker.png""/>
第一面有4个，小BOSS后面7个，最后一面8个"
摧毁4个足球后击败守门员,1,10,,,,,,"<img src=""img/MM10TheKeeper.png""/>
棒球关卡的小BOSS。
这关有两个小BOSS，你需要在其中一场战斗中完成。"
使绵羊关每个彩色砖消失,1,10,,,,,,也叫羊砖：踩上去就会消失的
绵羊关全收集,1,10,,,,,,注意：有的拾取品会因为羊砖消失而掉到刺上
击败3个压饼机器人,1,10,,,,,,"<img src=""img/TsurareStamp.png""/>
不能重复刷同一只
冷冻关有1个，指令关有2个，城堡123都有"
对变成羊毛的绵羊人其造成最后一击,1,10,,,,,,
收集两个放置在不同关卡的1up,1,10,,0.3,placed1up10,,,"Pump (2), Solar (1), Chill (1), Nitro (1), Commando (1), Blade (1), Strike (1), Sheep (1)"
收集2个放置的E罐,1,10,,0.2,mm10etank,,,"Pump, Solar, Nitro, Commando, Wily 1, Wily 2, Wily 3, Wily 4, Wily 5"
收集2个放置的W罐,1,10,,0.2,mm10wtank,,,"Chill, Nitro, Blade(需要拆墙), Sheep, Wily 2, Wily 5"
让4个被冻结的敌人同屏出现,1,10,,,,,,
冻结一个正在转向的飞盾,1,10,,,,,,"<img src=""img/MM10ShieldAttacker.png""/>"
用一发泡泡盾击败5个敌人,1,10,,,,,,不能重复刷同一只
用爆开的泡泡盾对太阳人以外的任一机器人Boss造成最后一击,1,10,,,,,,
冻结一个跳到半空的压饼机器人,1,10,,,,,,"<img src=""img/TsurareStamp.png""/>
冷冻关有1个，指令关有2个，城堡123都有"
在不对同一道墙连续使用齿轮的情况下保持浮空10秒,1,10,,0.0,,,,"不能看到踩地，抓梯动作。也不能踩狗。
不能连续两次在同一道墙上用齿轮"
击败冷冻关的每一个飞盾和独眼,1,10,,,chillenemies,,,"<img src=""img/MM10ShieldAttacker.png""/><img src=""img/MM10Suzy.png""/>"
击败冷冻关的每一个小兵,1,10,,,chillenemies,,,"最后一面的<img src=""img/Swallowegg.png""/>只需要打一只"
击败太阳关的每一个小兵,1,10,,,,,,"不包括<img src=""img/MM9Changkey.png""/>"
反跑水泵关的第一个横向版面,1,10,,,,,vid.gif,从最后一个坑的右侧返回整个房间的最左侧
从太阳人Boss门口返回存档点,1,10,,,,,vid.gif,
击败一个扫地机器人,1,10,,,,,,"<img src=""img/MM10Spring.png""/>
Strike, Blade, Wily 2, Wily 3, Wily 1 Hard
可以用冰或炸弹造成伤害"
用指令炸弹摧毁一道墙,1,10,,,commandowall,,,
先击败10个小灯泡然后击败大灯泡,1,10,,,,,,"<img src=""img/MM10Octobulb.png""/><img src=""img/MM10LittlePachipachi.png""/>
大灯泡：绵羊人关卡的小BOSS
小灯泡：这个小BOSS召唤出来的小怪"
使用一次钉鞋,1,10,,,,,,如果玩的布鲁斯模式，就用比特代替
引导一个压饼机器人到达指令关存档点,1,10,,,tsuraresand,,,"<img src=""img/TsurareStamp.png""/>
只要让他踩到最左边的陆地即可"
收集一个放置在城堡1的E罐,1,10,,,,y,,岔路需要走：右->右
仅用太阳击败2代木头人,1,10,,0.3,weaponsarchive,y,,
仅用泡泡盾击败5代榴弹人,1,10,,0.3,weaponsarchive,y,,
仅用爆开的泡泡盾击败6代火焰人,1,10,,0.3,weaponsarchive,y,,
在不踩拳头的情况下击败棒球关的两个守门员,2,10,,,specialweaponkeeper,,,"<img src=""img/MM10TheKeeper.png""/>
棒球关卡的两个小BOSS。"
从摩托关放置的1up处返回起点,2,10,,,,,vid.gif,不需要吃那个1up
通关任一关卡（困难模式）,2,10,,0.5,hardmode,,,
完成任一任务（困难模式）,2,10,,0.5,hardmode,,,
收集并消费100螺丝,2,10,,,screws10,,,
通关指令人关卡（和平主义）,2,10,,,"commando, commandopacifist",,,小怪发射的子弹也不能打
通关摩托人关卡（和平主义）,2,10,,,"nitro, nitropacifist",,,小怪发射的子弹也不能打
冻结任一关卡中所有可冻结的小兵,2,10,,,,,,有多条路线的关卡需要把每条路线都完成一次
让太阳人头上的太阳放大缩小两次后再击败他,2,10,,,,,,用P弹变大，用泡泡盾变小
用旅行齿轮给飞刀人最后一击,2,10,,,,,,把齿轮滚出去
从棒球关1up房间返回第一个小Boss正下方,2,10,,,,,vid.gif,"棒球关1up房间在第二个小Boss上方
你需要能向上攻击的特武来移开头顶的足球
除了飞刀和齿轮以外的所有特武都可以"
仅用齿轮击败棒球人,2,10,,,,,,
用爆开的泡泡盾同时击败双火鸟,3,10,,,suzakfenix,,,"<img src=""img/Mm10Suzak1.png""/><img src=""img/Mm10Fenix.png""/>
每只鸟20血。一个泡泡2血。
你需要用别的武器压好血线。"
收集三个放置在不同关卡的1up,2,10,,0.3,placed1up10,,,"Pump (2), Solar (1), Chill (1), Nitro (1), Commando (1), Blade (1), Strike (1), Sheep (1). 城堡每关都有1个"
让指令关存档房间的压饼机器人落入每个地雷坑,2,10,,,tsuraresand,,,"空中冻结可以直接让他们垂直下落。
不然需要算好距离。"
用一个M罐变出至少5个1up,2,10,,0.3,10mtank,,,"血量和所有武器能量全满的情况下磕M罐
可以把全屏敌人变成1up"
在前八关用M罐把一个压饼机器人变成1up,2,10,,0.3,10mtank,,,"血量和所有武器能量全满的情况下磕M罐
可以把全屏敌人变成1up"
用一个M罐把三种不同类型的敌人变成1up,2,10,,0.3,10mtank,,,"血量和所有武器能量全满的情况下磕M罐
可以把全屏敌人变成1up"
在太阳关用一发攻击摧毁火球机喷出的一串4个火球,2,10,,,,,,"<img src=""img/MM9Changkey.png""/>
可以用炸弹、泡泡盾、羊毛或火完成"
按时间顺序击败前作Boss,2,10,,0.3,weaponsarchive,y,,"从1代依次到9代：
Elec -> Wood -> Gemini
Ring -> Napalm -> Flame
Slash -> Frost -> Tornado
前两组是左 -> 中 -> 右
最后一组是中 -> 左 -> 右"
城堡2全收集,2,10,,,,y,,有一个藏在BOSS门上的Dr. Wily标志里
使用齿轮攀爬城堡2的每个压饼机,2,10,,,,y,,需要爬到能到达的最高高度
击毁螃蟹的双爪后再打败它,2,10,,,crabpuncher,y,,
让城堡2的传送带变向三次后抵达Boss门,2,10,,,,y,,"你需要被<img src=""img/Searchy.png""/>的灯光照射
这个怪拖不出来，错过了只能复活重来
如果翻车了，需要重新被灯光照射
只需要照射复活点之后的灯光即可"
仅用飞刀完成城堡1的所有Boss战,2,10,,0.3,weaponsarchive,y,,"城堡1的全部BOSS
路上需要补补能量"
仅用羊毛击败3代双子人,2,10,,0.3,weaponsarchive,y,maybevid.gif,
仅用炸弹击败7代利爪人,2,10,,0.3,weaponsarchive,y,,爆炸能造成2点伤害
仅用两种特武分别击败棒球关的两个守门员,3,10,,,specialweaponkeeper,,,"<img src=""img/MM10TheKeeper.png""/>
棒球关卡的两个小BOSS。
比如用飞刀打1号守门员，炸弹打2号守门员。"
让水泵关每个安全帽为你加油（要求走上路）,3,10,,,pumptoproute,,,
在三个不同关卡把跳狗放到刺上,3,10,,,,,,"Pump, Chill, Nitro, Blade, Sheep, Wily 1, Wily 2, Wily 3"
被比特扔到刺上触发钉鞋,3,10,,,,,,"Sheep, Blade, Wily 2, and Wily 3 (?)"
反跑指令关的两个沙尘暴房间,3,10,,,,,,
收集4个放置在不同关卡的1up,3,10,,0.3,placed1up10,,,"Pump (2), Solar (1), Chill (1), Nitro (1), Commando (1), Blade (1), Strike (1), Sheep (1)"
仅用弹球击败双火鸟,3,10,,,suzakfenix,,,"<img src=""img/Mm10Suzak1.png""/><img src=""img/Mm10Fenix.png""/>
你需要几何攻击来提升伤害，不然能量不够
推荐备个W罐"
让4辆卡车同屏出现,3,10,,,,,10-4trucks.png,
在不触发任何跷跷板的情况下抵达飞刀人Boss门,3,10,,,noseesaws,,,需要飞狗或至少1只鸟
通关棒球人关卡（和平主义）,3,10,,,"strike, strikepacifist",,,小怪发出的子弹也不能打
通关水泵人关卡（和平主义）,3,10,,,"pump, pumppacifist",,,"小怪发出的子弹也不能打
需要冰
在管道怪堵路之前给他冻上"
通关绵羊人关卡（和平主义）,3,10,,,"sheep, sheeppacifist",,,
从绵羊关最后的优酷砖的位置返回小Boss下方,3,10,,,,,vid.gif,"从<img src=""img/Pointan.png""/>的位置开始反跑
直到小BOSS门下"
在前八关获取飞狗,3,10,,,"rushjet10, 4continuousstages",,,
在不摧毁冷冻关最后一个房间任何冰块的情况下抵达Boss门,3,10,,,chilliceblock,,,"可以裂开，但不能碎掉。
复活后冰块会刷新。"
在每轮只按一次攻击键的情况下击败所有的兵器库,3,10,,0.3,weaponsarchive,y,,"城堡1Boss
从Boss下来到回去这段时间只能按1下攻击键
可以用一发攻击命中多次"
仅用三种武器分别击败城堡1的三组兵器库,3,10,,0.3,weaponsarchive,y,,"比如：
齿轮打1-3（第一面）
火打4-6（第二面）
冰打7-9（第三面）
P弹也算一种武器。"
摧毁城堡2的所有冰块,3,10,,,,y,,
用闪电对砖块恶魔造成最后一击,3,10,,0.5,blockdevil,y,,"<img src=""img/Blockdevil.PNG.png""/>"
对躲在地板下的砖块恶魔造成最后一击,3,10,,0.5,blockdevil,y,,"<img src=""img/Blockdevil.PNG.png""/>"
通关任一关卡（不戴头盔）,3,10,,,,,,需要到商店摘下头盔
收集6个放置的1up,4,10,,0.3,placed1up10,,,"Pump (2两条路), Solar (1), Chill (1), Nitro (1), Commando (1), Blade (1), Strike (1), Sheep (1), Wily 1 (2?), Wily 2 (2), Wily 3 (2), Wily 4 (1), Wily 5 (1)"
触碰飞刀人Boss门（和平主义）,4,10,,,bladepacifist,,,"只能打小BOSS
小怪发出的子弹也不能打
可以冻结"
从飞刀人Boss门口反跑到整个房间的最左侧,4,10,,,bladepacifist,,,"从BOSS门口出发，到达最左边屏幕边缘
需要飞狗或比特"
抵达太阳关小Boss门（禁跳跃键）,4,10,,,,,,"需要齿轮+飞狗
理论上飞狗可以用跳狗代替，但非常难"
让飞刀关最后一个房间的第一只蜘蛛落坑,3,10,,,"bladepacifist, darspiderpit, noseesaws",,,
仅用闪电击败摩托人,4,10,,,,,,推荐准备俩W罐
仅用弹球击败两种不同种类的小Boss,3,10,,,,,,"Solar, Blade, Strike, Sheep"
反跑城堡2最后的压饼机房间,4,10,,,,y,vid.gif,"从最后一个坑的右侧返回最左边的梯子
不要走过头切屏了，不然回不去了"
在城堡3第一个电梯上击败一个安全帽,4,10,,,,y,,
使用齿轮攀爬城堡3的Boss外墙,4,10,,,,y,vid.gif,需要比特鸟。
击败威利飞船一阶段（禁方向键）,4,10,,0.8,mm10wily5,y,,
城堡4全收集,4,10,,,,y,,
城堡5全收集,4,10,,0.05,mm10wily5,y,,
通关,4,10,,0.05,mm10wily5,y,,
抵达城堡5Boss门（禁跳跃键）,4,10,,0.05,mm10wily5,y,,
收集城堡5最后的E罐后返回关卡起点,4,10,,0.05,mm10wily5,y,,
通关水泵人关卡,1,10,,,pump,,,
通关太阳人关卡,1,10,,,solar,,,
通关冷冻人关卡,1,10,,,chill,,,
通关摩托人关卡,1,10,,,nitro,,,
通关指令人关卡,1,10,,,commando,,,
通关飞刀人关卡,1,10,,,blade,,,
通关棒球人关卡,1,10,,,strike,,,
通关绵羊人关卡,1,10,,,sheep,,,
通关城堡2,2,10,,,crabpuncher,y,,
通关城堡3,3,10,,,blockdevil,y,,
收集放置在前八关的所有1up,4,10,,0.3,placed1up10,,,"水泵关两条路都有1up，所以要打两遍。
其他关每关1个。"
在两个不同游戏的任意关卡中清理全部蜘蛛,2,"9,10",all,,spider9and10,,,"必须是有蜘蛛的关卡
9代：水泥、宝石
10代：飞刀、水泵（上路）、堡1、堡3"
击败小火球+大火龙,1,"9,10",all,,,,,"小火球：<img src=""img/MM9Changkey.png""/>
大火龙：<img src=""img/Changkey_dragon.png”/>"
击败两个位于不同游戏中的蜘蛛,1,"9,10",all,,spider9and10,,,"9代：水泥、宝石
10代：飞刀、水泵、堡1、堡3"
击败小章鱼+大章鱼,1,"9,10",all,,seaanimal9and10,,,"小章鱼：<img src=""img/Octone.png""/>
大章鱼：<img src=""img/MM10Octobulb.png""/>"
击败两个位于不同游戏中的盾牌飞行器,1,"9,10",all,,shieldattacker7-10,,,"<img src=""img/MM10ShieldAttacker.png""/>
MM9: Galaxy, Tornado, Wily 3
MM10: Commando, Sheep, Wily 1"
击败两个位于不同游戏中的压饼机器人,2,"9,10",all,,,,,"<img src=""img/MM9BigStomperOrange.png""/><img src=""img/TsurareStamp.png""/>
MM9: Hornet, Jewel, Plug, Wily 2,3
MM10: Chill, Commando, Wily 1,2,3"
分别使用困难和超级英雄难度过一关,3,"9,10",all,,,,,
通关两个游戏的火关,2,"9,10",all,,,,,
通关两个游戏的水关,2,"9,10",all,,,,,
通关两个游戏的电关,2,"9,10",all,,,,,
在两个游戏中击败龙卷风人,3,"9,10",all,,,,,
获取一个飞狗,3,"9,10",all,,"rushjet9, rushjet10, 4continuousstages",,,
击败三个不同门类的海生动物,3,"9,10",all,0.0,seaanimal9and10,y,,"鱼: 剑鱼 (9)、人鱼人召唤的小鱼鱼 (9)
章鱼: 墨汁章鱼 (9)、章鱼灯泡（绵羊关小BOSS） (10)
虾: 水泵关的虾 (10)
螃蟹: 城堡2的BOSS大螃蟹 (10)"
用火或刀无克制击败一个机器人BOSS,2,"9,10",all,,,,,
使用1.5倍速完成任意一个关卡,1,"1,2,3,4,5,6",any,0.0,,"可以开启模拟器1.5倍速
从READY开始加速，到击败BOSS为止
中途不能恢复原速",,
通关特殊关卡,1,9,,,specialstage9,可以进入特殊关卡,,
收集两个放置的1up（不重启）,1,9,,0.3,mm9placed1up,,,"在不重启/读档的情况下连续收集两个放置的1up
Concrete (1), Magma (1), Hornet (2), Jewel (1需蜜蜂), Splash (1), Plug (2), Tornado (1), Wily 1 (2), Wily 2 (2), Wily 3 (1?), Wily 4 (1)"
收集三个放置的1up（不重启）,2,9,,0.3,mm9placed1up,,,"在不重启/读档的情况下连续收集三个放置的1up
Concrete (1), Magma (1), Hornet (2), Jewel (1需蜜蜂), Splash (1), Plug (2), Tornado (1), Wily 1 (2), Wily 2 (2), Wily 3 (1?), Wily 4 (1)"
收集四个放置的1up（不重启）,2,9,,0.3,mm9placed1up,,,"在不重启/读档的情况下连续收集四个放置的1up
Concrete (1), Magma (1), Hornet (2), Jewel (1需蜜蜂), Splash (1), Plug (2), Tornado (1), Wily 1 (2), Wily 2 (2), Wily 3 (1?), Wily 4 (1)"
在无尽模式中击败一个机器人BOSS,1,"9,10",any,0.0,"specialstage9, specialstage10",可以进入无尽模式,,
在一个关卡中用几何弹球击败三种不同类型的敌人,1,10,,,,,,"至少需要反弹两次
BOSS也算"
收集两个E罐（不重启）,1,10,,0.4,mm10etank,,,"在不重启/读档的情况下连续收集两个E罐
Pump, Solar, Nitro, Commando, Wily 1, Wily 2, Wily 3, Wily 4, Wily 5"
收集两个W罐（不重启）,1,10,,0.4,mm10wtank,,,"在不重启/读档的情况下连续收集两个W罐
Chill, Nitro, Blade(需要拆墙), Sheep, Wily 2, Wily 5"
收集三个E罐（不重启）,2,10,,0.4,mm10etank,,,"在不重启/读档的情况下连续收集三个E罐
Pump, Solar, Nitro, Commando, Wily 1, Wily 2, Wily 3, Wily 4, Wily 5"
收集三个W罐（不重启）,2,10,,0.4,mm10wtank,,,"在不重启/读档的情况下连续收集三个W罐
Chill, Nitro, Blade(需要拆墙), Sheep, Wily 2, Wily 5"
击败每代的一个安全帽,1.0,"1,2,3,4,5,6",all,,,,,
在每个游戏中各击败三种不同类型的小兵,1.0,"1,2,3,4,5,6",all,,,,,
击败每代的一个压饼机器人,2.0,"1,2,3,4,5,6",all,,,,stompers.png,"<img src=""img/stompers.png""/>"
击败每代的一个狙击手乔,2.0,"1,2,3,4,5,6",all,,,,sniperjoes.png,"<img src=""img/sniperjoes.png""/>"
乘坐每代的移动平台一次,2.0,"1,2,3,4,5,6",all,,,,multi-platforms.png,"<img src=""img/multi-platforms.png""/>
踩上去就算"
拾取每代的一个1up,2.0,"1,2,3,4,5,6",all,,,,,小怪掉落1up或地图预置1up皆可
击败每代的一个BOSS,2.0,"1,2,3,4,5,6",all,,,,,
拾取每代的一个E罐,2.0,"2,3,4,5,6",all,,,,,
在每个游戏中完成一次碰刺不死,2.0,"2,3,4,5,6",all,,spikes,,,"一些有刺的关卡：
2代：Bubble
3代：Top, Spark"
在每代游戏中完成一次碰刺爆炸,2.0,"1,2,3,4,5,6",all,0.5,spikes,,,"一些有刺的关卡：
1代：Bomb
2代：Bubble
3代：Top, Spark"
在每个滑铲游戏中禁滑铲完成一关,3.0,"3,4,5,6",all,,noslide,,,允许在必须滑铲的地方滑铲最短距离
完成每代选关界面相同位置的一个关卡,3.0,"1,2,3,4,5,6",all,,square,,,"比如←方向：Elec, Heat, Hard, Pharaoh, Charge, Plant.
1代上/下方向的两关可以二选一"
在每个游戏中完成一次特殊武器拆墙,4.0,"1,2,3,4,6",all,,,"<img src=""img/mm3+4.png""/>",mm3+4.png,"3代的墙最早出现在城堡1
4代的墙最早出现在哥萨克2
6代的力量装甲也包括在这个任务中"
从0补满一个特武或道具能量,1.0,"1,2,3,4,5,6",any,,fullrefill,,,
被打进BOSS门,1.0,"1,2,3,4,5,6",any,0.25,,,,小BOSS门也可以
从梯子上被击落，空中重新抓住梯子,1.0,"1,2,3,4,5,6",any2,,,,,"1代禁暂停
期间脚不能碰地或碰道具"
完成一个没有楼梯的关卡,1.0,"1,2,3,4,5",any3,,,,,"1代：Guts, Ice
2代：Bubble, Flash, Air, Quick, Metal
3代：Shadow
4代：Pharaoh, Toad
5代：Wave"
完成一个没有坑的关卡,1.0,"2,3,4,5,6",any3,,,,,"如果跳下去产生了爆炸特效就不算坑
必须是玩家能正常能够得到的才算
满足条件的关卡：
2代：Flash, Crash, Quick
3代：Hard
4代：Dive
5代：Star, Charge, Wave
6代：Knight"
完成一个有水下区域的关卡,1.0,"1,2,3,4,5,6",any2,,underwater,,,"指的是有水下物理效果的关卡——波浪人关卡不算
满足条件的关卡：
<table><tr><th>1代</th><td>Ice, W3</td><th>5代</th><td>W2</td></tr><tr><th>2代</th><td>Bubble, W3, W5</td><th>6代</th><td>Centaur, W3</td></tr><tr><th>3代</th><td>Gemini, Doc Gemini, W1</td><th>9代</th><td>Splash, W2</td></tr><tr><th>4代</th><td>Dive, Toad, W1, W3</td><th>10代</th><td>Pump, W3</td></tr></table>"
完成一个天空会变色的关卡,1.0,"2,4,5,6",any2,,"skycolor, memory",,,"2代：Crash
4代：Skull, Ring, Cossack 1
5代：Crystal
6代：Tomahawk, Yamato, Knight"
完成一个天空有星星的关卡,1.0,"2,3,4,5,6",any2,,"skycolor, memory",,,"2代：Crash
3代：Gemini, Doc Gemini, Doc Needle
4代：Ring, Cossack 1, Cossack 4
5代：Star, Dark 3
6代：Mr. X-1, Mr. X-2"
禁滑铲完成一关,1.0,"3,4,5,6",any2,,"noslide, noslide4, noslide5, noslide6",,,仅允许在必须滑铲的地方滑铲最短距离
分别用走路人和滑铲人击败一个机器人BOSS,1.0,"1,2,3,4,5,6",all,,,,,"走路人：1-2代
滑铲人：3-6代
机器人BOSS：特指前八BOSS外加3代四天王。BR也算。"
在两个游戏中各完成一个天花板或地板会上下移动的关卡,1.0,"4,5,6",all,,movingceilings,,,"4代：Dive, Dust
5代：Star, Wily 1
6代：Centaur, Blizzard, Knight."
击败一个不会跳的机器人BOSS,1.0,"1,2,3,4,5,6",any4,,non-aerial,,,"Fire, Heat, Top, Dive, Charge, Centaur"
被一个机器人BOSS冻住(暂停),1.0,"2,3,4,6",all,,frozen,,,"Flash, Doc Flash, Bright, Centaur"
在水下区域用火或电命中一个敌人,1.0,"1,2,3,4,6",any2,,,,,"1代关卡：Ice, W3。武器：Elec, Fire
2代关卡：Bubble, W3, W5。武器：Heat
3代关卡：Gemini, Doc Gemini, W1。武器：Spark
4代关卡：Dive, Toad, W1, W3。武器：Pharaoh
6代关卡：Centaur, W3。武器：Flame"
在一个游戏中用光所有可获取的特武能量,1.0,"1,2,3,4,5,6",any2,,,"<img src=""img/multi-allpasswords.png""/>",multi-allpasswords.png,
全程装备一种特武完成一个关卡,1.0,"1,2,3,4,5,6",,,specialweapononly,,,"Hard, Gemini关卡中强制使用狗的地方可以例外"
在3个游戏中被敌人弹反P弹,1.0,"1,2,3,4,5,6",any3,,memory,,,必须是活的敌人，墙之类的东西不算
拆一道墙,1.0,"1,2,6",,,breakable,,,
在两个游戏中各完成一个天空会变色的关卡,2.0,"2,4,5,6",any3,,"skycolor, memory",,,"2代：Crash
4代：Skull, Ring, Cossack 1
5代：Crystal
6代：Tomahawk, Yamato, Knight"
在两个游戏中各完成一个天上有星星的关卡,2.0,"2,3,4,5,6",any3,,"skycolor, memory","<img src=""img/multi-allpasswords-docs.png""/>",multi-allpasswords-docs.png,"2代：Crash, Wily 6
3代：Gemini, Doc Gemini, Doc Needle
4代：Ring, Cossack 1, Cossack 4
5代：Star, Dark 3
6代：Mr. X-1, Mr. X-2"
拥有6个人头,2.0,"1,2,3,4,5,6",any4,,,,,
仅用BOSS自己的武器击败自己,3.0,"1,2,3,4,5,6",all,,,"<img src=""img/multi-allpasswords.png""/>",multi-allpasswords.png,"1代或6代可以在前八完成
其他代只能在BR完成"
完成每一作前八所有天花板或地板会上下移动的房间,4.0,"4,5,6",all,,movingceilings,,,"4代：Dive(水面), Dust(压饼机)
5代：Star(漂浮平台)
6代：Centaur(水面), Blizzard(潜艇), Knight(吊刺)"
完整乘坐Guts和Crash所有过山车一圈,1.0,"1,2",all,,,,multi-gutscrashplatforms.gif,"<img src=""img/multi-gutscrashplatforms.gif""/>
可以跳，但不能掉下去，也不能用道具辅助。"
分别击败一个1代和3代的工人,1.0,"1,3",all,,,,multi-pickelmen.png,"<img src=""img/multi-pickelmen.png""/>
1代：Guts
3代：Top, Hard, Shadow"
乘坐两个不同游戏中的子弹平台,1.0,"1,4",all,,,,multi-footholderhover.png,"<img src=""img/multi-footolderhover.png""/>
1代：Ice, W1
4代：Pharaoh"
分别击败一个剪刀和导弹,1.0,"1,5",all,,,,"1-supercutter.png, 5-mizzile.png","1代剪刀：<img src=""img/1-supercutter.png""/>在Cut关卡
5代导弹：<img src=""img/5-mizzile.png""/>在Star和Napalm关卡"
分别击败一个小火球和火罐头,1.0,"1,6",all,,,,multi-changkeyfiretelly.png,"<img src=""img/multi-changkeyfiretelly.png""/>
1代：Fire
6代：Flame"
乘坐2代和3代的所有云朵平台,1.0,"2,3",all,,,,multi-cloudplatforms23.png,"<img src=""img/multi-cloudplatforms23.png""/>
2代：Air
3代：Snake"
击败一个2代BOSS和他的3代复制体,1.0,"2,3",all,,mm2docrobo,"<img src=""img/mm3-docs-pw.png""/>",mm3-docs-pw.png,
分别击败一只大猫和大狗,1.0,"2,3",all,,,,multi-friendertama.png,"<img src=""img/multi-friendertama.png""/>"
击败2代和4代所有青蛙,1.0,"2,4",all,,allfrogs,,2-kerog.png,"<img src=""img/2-kerog.png""/>
2代：泡泡人关卡的所有青蛙
4代：蛤蟆人"
分别在2代和5代击败一只鸡,1.0,"2,5",all,,chickens,,multi-chickens.png,"<img src=""img/multi-chickens.png""/>
2代：Wood
5代：Charge, Gyro, W1, W2"
分别击败一个假空气人和假重力人,1.0,"2,5",all,,lookalikes,,multi-fakeairgravity.png,"<img src=""img/multi-fakeairgravity.png""/>"
躲进空气关和旋翼关存档点的云里,1.0,"2,5",all,,,,,
在2代和6代各击败一只扔火球的怪,1.0,"2,6",all,,,,multi-changkeyfireboy.png,"<img src=""img/multi-changkeyfireboy.png""/>
2代：Quick
6代：Flame"
分别在3代和4代打爆一块落石,1.0,"3,4",all,,,,multi-junkboulder.png,"<img src=""img/multi-junkboulder.png""/>
3代：Spark, Doc Spark
4代：Drill"
分别用潜水导弹和磁铁的跟踪效果击败一个位于你上方的敌人,1.0,"3,4",all,,,,,
击败真假布鲁斯,1.0,"3,5",all,,protodark,"<img src=""img/mm5-pw.png""/>",mm5-pw.png,"3代：关卡中途出现的布鲁斯
5代：布鲁斯城堡的任意一个BOSS皆可"
分别乘坐陀螺平台和波浪泡泡升到屏幕顶部,1.0,"3,5",all,,,,multi-topbubble.png,"<img src=""img/multi-topbubble.png""/>"
用3代陀螺兵或5代大白鸡刷一个1up,1.0,"3,5",any2,,babies,,multi-generators2.png,"<img src=""img/multi-generators2.png""/>"
击败企鹅下仔器和安全帽下仔器,1.0,"3,6",all,,,,multi-penpenmetall.gif,"<img src=""img/multi-penpenmetall.gif""/>
3代：Gemini
5代：Tomahawk"
分别击败3代和6代的一只伪装成云的怪,1.0,"3,6",all,,"bombflier,submarineflier",,multi-bomb+submarineflier.png,"<img src=""img/multi-bomb+submarineflier.png""/>
3代：Snake
6代：Centaur"
在4代和5代各击败一只老鼠,1.0,"4,5",all,,catandmouse,,multi-rattonmouse.png,"<img src=""img/multi-rattonmouse.png""/>"
在4代和6代各击败一只骷髅,1.0,"4,6",all,,,,multi-skullmetskullwalker.png,"<img src=""img/multi-skullmetskullwalker.png""/>
4代：Skull
6代：Tomahawk, Knight, X-1, X-2."
在5代和6代各击败一个大脚机器,1.0,"5,6",all,,,,multi-dachone.png,"<img src=""img/multi-dachone.png""/>
5代：Star, Dark1, Wily4
6代：Yamato（上路）"
击败一个圆眼飞碟,1.0,"5,6",all,,rounder,"<img src=""img/mm5+6.png"">","mm5+6-pw.png, rounder1and2.png","<img src=""img/rounder1and2.png""/>
5代：Dark1的末尾。
6代：X1的BOSS。"
分别在两个游戏中击败一只猴子,1.0,"2,3,6",all,,monkey,,,
击败三种下仔器各10只仔,1.0,"2,3,5",all,,babies,,multi-generators.png,"<img src=""img/multi-generators.png""/>"
分别击败一次猫和老鼠，且不在同一作中完成,1.0,"3,4,5",all,,catandmouse,,multi-catandmouse.png,"<img src=""img/multi-catandmouse.png""/>
比如3代打猫，4代打老鼠"
"在3,4,5代中分别拆掉一个能用P弹打掉的砖块",1.0,"3,4,5",all,,,,multi-shootabletiles.png,"<img src=""img/multi-shootabletiles.png""/>"
分别在两个游戏中击败一个盾牌飞行器,1.0,"4,5,6",any2,,shieldattacker,,shieldattackers.png,"<img src=""img/shieldattackers.png""/>
4代：Dust, Skull
5代：Crystal
6代：Blizzard, Tomahawk
还有4代和6代的各个城堡"
拾取艾迪的补给,1.0,"4,5,6",all,,eddie,,,"4代：Ring, Dust, Skull, Dive, Wily 2
5代：Crystal, Napalm, Stone
6代：Knight, Centaur, Plant, Tomahawk, Wily 4"
在两个游戏中拾取艾迪的补给,1.0,"4,5,6",all,,eddie,,,"4代：Ring, Dust, Skull, Dive, Wily 2
5代：Crystal, Napalm, Stone
6代：Knight, Centaur, Plant, Tomahawk, Wily 4"
把1代压饼机器人和2代装甲狙击手乔冻结在空中,1.0,"1,2",all,,,,"1-bigeye.png, 2-sniperarmor.png","<img src=""img/1-bigeye.png""/><img src=""img/2-sniperarmor.png""/>
需要冰和时停。"
分别连续踩上3个不同的激光桥和飞箭,2.0,"1,5",all,,,,,"激光桥：1代M道具
也就是在空中三连搭桥"
在1代和5代各击败8个独眼,2.0,"1,5",all,,suzyg,,multi-suzys.png,"<img src=""img/multi-suzys.png""/>
1代：剪刀(16个), 炸弹(8个)
5代：重力(10个)"
获取快速回旋镖和尖刺武器，分别一键清空全部能量,2.0,"2,3",all,,,,,
击败弹簧扫地机器人和他的巨型版本,2.0,"2,3",all,,springer,,multi-springergiantspringer.png,"<img src=""img/multi-springergiantspringer.png""/>
2代：Metal, Heat, Quick, W1
3代：Magnet, Doc Spark, Doc Needle."
击败两个2代BOSS和对应的3代复制体,2.0,"2,3",all,,mm2docrobo,"<img src=""img/mm3-docs-pw.png""/>",mm3-docs-pw.png,
击败所有猴子,2.0,"2,3,6",all,,monkey,,multi-monkeys.png,"<img src=""img/multi-monkeys.png""/>
2代：Metal关卡4只
3代：Hard关卡4只
6代：Plant关卡2只"
分别用满蓄的火和法老球击败一个敌人,2.0,"2,4",all,,weapon,,,"Heat, Pharaoh"
击败大龙和大蝴蝶,2.0,"2,4",all,,"mothraya, mechadragon","<img src=""img/mm2-pw.png""/><img src=""img/mm4-pw.png""/>","mm2-pw.png,mm4-pw.png",2代和4代的第一个城堡BOSS
一次性消耗整管2号道具能量和飞箭能量,2.0,"2,5",all,,supportitem,,,
击败4代和6代前八所有的挂壁大炮,2.0,"4,6",all,,wallblaster,,multi-wallblasters.png,"<img src=""img/multi-wallblasters.png""/>
4代：Ring
6代：Flame, Centaur"
击败4代和6代前八所有的盾牌飞行器,2.0,"4,6",all,,shieldattacker,,shieldattackers.png,"<img src=""img/shieldattackers.png""/>
4代：Dust, Skull（不要忘了艾迪上方的隐藏房间）
6代：Blizzard, Tomahaw！"
击败5代和6代的圆眼飞碟,2.0,"5,6",all,,"rounder, rounderii","<img src=""img/mm5+6.png"">","mm5+6.png, rounder1and2.png","<img src=""img/rounder1and2.png""/>
5代：Dark1关卡末尾
6代：X1BOSS"
击败前八所有会藏起来的BOSS,2.0,"4,5,6",all,,,,,"Drill, Gyro, Centaur"
击败前八所有会无敌冲锋的BOSS,2.0,"3,5,6",all,,,,,"Top, Charge, Blizzard"
击败前八所有会引发地震的BOSS,2.0,"1,3,5",all,,,,,"Guts, Hard, Stone"
击败前八所有会吸人的BOSS,2.0,"3,4,6",all,,,,,"Magnet, Dust, Wind"
击败前八所有飞狗BOSS,2.0,"3,4,5",all,,rushjet,,,"Needle, Drill, Gyro"
被前八所有BOSS定住一次,2.0,"2,4,6",all,,frozen,,,"Flash, Bright, Centaur"
击败3个不会跳的机器人BOSS,2.0,"1,2,3,4,5,6",any3,,non-aerial,,,"Fire, Heat, Top, Dive, Charge, Centaur"
在4个关卡遇见艾迪,2.0,"4,5,6",any2,,eddie,,,"4代：Ring, Dust, Skull, Dive, Wily 2
5代：Crystal, Napalm, Stone
6代：Knight, Centaur, Plant, Tomahawk, Wily 4"
在3个游戏遇见艾迪,2.0,"4,5,6",all,,eddie,,,"4代：Ring, Dust, Skull, Dive, Wily 2
5代：Crystal, Napalm, Stone
6代：Knight, Centaur, Plant, Tomahawk, Wily 4"
在两个游戏中击败扫地机器人,2.0,"1,2,4,6",any2,,,,spines.png,"<img src=""img/spines.png""/>"
完成3个有水下区域的关卡,2.0,"1,2,3,4,5,6",any4,,underwater,,,"1代：Ice, Wily 3
2代：Bubble, Wily 3, Wily 5
3代：Gemini, Doc Gemini, Wily 1
4代：Dive, Toad, Wily 1, Wily 3
5代：Wily 2
6代：Centaur, Wily 3"
全程装备一个BOSS武器完成他自身的关卡,2.0,"1,4,5,6",any,,ownweapon,,,1代还需要打Boss
持有6个人头,2.0,"1,2,3,4,5,6",any,,,,,
击败每一作前八所有盾牌飞行器,3.0,"4,5,6",all,,shieldattacker,,shieldattackers.png,"<img src=""img/shieldattackers.png""/>
4代：Dust, Skull（不要忘了艾迪上方的隐藏房间）
6代：Blizzard, Tomahaw！"
击败气力人和气力坦克,3.0,"1,2",all,,"gutstank, gutsman","<img src=""img/mm2-pw.png""/>",mm2-pw.png,气力坦克：2代的城堡3BOSS
分别全程使用剪刀和齿轮抵达任意关底BOSS门,3.0,"1,2",all,,,,,
分别在2代和4代时停一个BOSS,3.0,"2,4",all,,,,,"2代闪光定时器可以暂停任何BOSS
但4代的只能暂停法老人"
击败真假布鲁斯各两次,3.0,"3,5",all,,protodark,"<img src=""img/mm5-pw.png""/>",mm5-pw.png,"3代：关卡中途出现的布鲁斯
5代：布鲁斯城堡的任意一个BOSS皆可"
在4代和5代前八灭掉所有老鼠,3.0,"4,5",all,,"catandmouse, catandmouse2",,multi-rattonmouse.png,"<img src=""img/multi-rattonmouse.png""/>
4代：Toad
5代：Charge, Stone, Crystal."
踏足前八所有优酷砖,3.0,"1,2,3",all,,"yoku1,yoku2,yoku3",,,"闪现砖块
1代：Ice, Elec
2代：Heat
3代：Magnet"
在每代各击败一次带盾大炮,3.0,"1,3,4,5,6",all,,memory,,multi-shieldedturrets.png,"<img src=""img/multi-shieldedturrets.png""/>
1代：Cut, Bomb, Wily 2
3代：Needle, Doc Needle
4代：Drill, Cossack 3&4
5代：Gyro, Stone, Dark 3, Wily 1
6代：Knight, X-1, Wily 1"
击败同一个机器人BOSS两次,3.0,"1,2,3,4,5,6",all,,robotwice,,,四天王不算
击败两个黄恶魔（黄泥人）,4.0,"1,3",all,,,"<img src=""img/mm3-pw.png""/>",mm3-pw.png,
击败所有独眼,4.0,"1,5",all,,"suzyg, allsuzys",,multi-suzys.png,"<img src=""img/multi-suzys.png""/>
1代：Cut (16), Ice (2), Bomb (8)
5代：Gravity (10)"
击败4个2代BOSS和对应的复制体,4.0,"2,3",all,,mm2docrobo,"<img src=""img/mm3-docs-pw.png""/>",mm3-docs-pw.png,
击败一个罐头和大方块,4.0,"2,4",all,0.0,,"<img src=""img/mm2-pw.png""/><img src=""img/mm4-pw.png""/>","mm2-pw.png,mm4-pw.png",
击败两条大龙BOSS,4.0,"2,6",all,,,"<img src=""img/mm2-pw.png""/><img src=""img/mm6-pw.png""/>","mm2-pw.png,mm6-pw.png",
分别击败3代和4代的大安全帽,4.0,"3,4",all,,metalldaddy,"<img src=""img/mm3-docs-pw.png""/><img src=""img/mm4-pw.png""/>","mm3-docs-pw.png, mm4-pw.png","3代：Doc Needle
4代：W1 BOSS "
击败真假布鲁斯各4次,4.0,"3,5",all,,protodark,"<img src=""img/mm3-break.png""/><img src=""img/mm5-pw.png""/>","mm3-break-pw.png, mm5-pw.png","3代：关卡中途出现的布鲁斯。包括Break Man
5代：布鲁斯城堡的任意一个BOSS皆可"
遇见所有艾迪,4.0,"4,5,6",all,,eddie,,,"4代：Ring, Dust, Skull, Dive
5代：Crystal, Napalm, Stone
6代：Plant, Tomahawk, Knight, Centaur"
击败每种扫地机器人各一次,4.0,"1,2,4,6",all,,,,spines.png,"<img src=""img/spines.png""/>"
通关每一作前八所有有树的关卡,4.0,"1,2,5,6",all,,,,,"Ice, Wood, Napalm, Plant"
击败每一作的所有青蛙,4.0,"2,3,4,6",all,,allfrogs,,multi-allfrogs.gif,"<img src=""img/multi-allfrogs.gif""/>
2代：Bubble
3代：Gemini, Shadow, Top
4代：Toad Man
6代：Yamato"
在3个游戏中遇见布鲁斯,4.0,"3,4,5,6",all,,,"<img src=""img/mm4-pw.png""/><img src=""img/mm5-pw.png""/>","mm4-pw.png,mm5-pw.png","必须可见地出现在关卡中
3代双子关卡不要跳过"
获取所有回旋镖武器,4.0,"1,2,3,4,6",all,,,,,"剪刀, 快速回旋镖, 暗影飞镖, 圆环, 骑士锤球"
击败所有不会跳的机器人BOSS,4.0,"1,2,3,4,5,6",all,,non-aerial,,,"从来不会离开地板的BOSS。
Fire, Heat, Top, Dive, Charge, Centaur"
击败所有绿色机器人BOSS,4.0,"2,3,4,5,6",all,,,,,"Bubble, Snake, Toad, Gyro, Centaur"
在两个游戏中击败小BOSS,1.0,"2,3,4,5,6",any2,,miniboss,,miniboss.gif,"<img src=""img/miniboss.gif""/>"
跳过一个小BOSS,2.0,"2,3,4",all,,skipminiboss,,miniboss-skippable(some).gif,"<img src=""img/miniboss-skippable(some).gif""/>"
在两个游戏中各跳过一次小BOSS,2.0,"2,3,4",all,,skipminiboss,,miniboss-skippable(some).gif,"<img src=""img/miniboss-skippable(some).gif""/>"
击败8个小BOSS,2.0,"2,3,4,5,6",any3,,miniboss,,miniboss.gif,"<img src=""img/miniboss.gif""/>"
击败5种不同类型的小BOSS,2.0,"2,3,4,5,6",any3,,miniboss,,miniboss.gif,"<img src=""img/miniboss.gif""/>"
击败一个游戏前八所有小BOSS,2.0,"2,3,4,6",any3,,"miniboss2, miniboss3, miniboss4, miniboss6, everymini",,miniboss-2346.gif,"<img src=""img/miniboss-2346.gif""/>"
在3个游戏中各跳过一次小BOSS,2.0,"2,3,4",all,,skipminiboss,,miniboss-skippable(some).gif,"<img src=""img/miniboss-skippable(some).gif""/>"
击败一个游戏前八所有小BOSS,3.0,"3,4,6",all,,"miniboss3, miniboss4, miniboss6, everymini",,miniboss-346.gif,"<img src=""img/miniboss-346.gif""/>"
在每个游戏中各击败一个小BOSS,3.0,"2,3,4,5,6",all,,miniboss,,miniboss.gif,"<img src=""img/miniboss.gif""/>"
跳过每种可跳过的小BOSS各一次,4.0,"2,3,4",all,,skipminiboss,,miniboss-skippable(all).gif,"<img src=""img/miniboss-skippable(all).gif""/>"
击败每种小BOSS各一次,4.0,"2,3,4,5,6",all,,miniboss,"<img src=""img/mm3-docs-pw.png""/>","mm3-docs-pw.png, miniboss.gif","<img src=""img/miniboss.gif""/>"
获得一个能耗大于1的武器,1.0,"1,2,3,4,5,6",any2,,weapon,,,蓄力和闪光也算
用回旋武器的返程击败一个敌人,1.0,"1,2,3,4,6",any2,,"weapon, boomerangreturning",,,"Cut, Quick, Shadow, Ring, Knight.
允许用往程命中敌人，但必须用返程的那段伤害击败敌人"
用特武冻结一个敌人,1.0,"1,2,3,4",any2,,weapon,,,"Ice, Flash, Spark, Bright"
获得一个护盾型武器,1.0,"2,4,5,6",any2,,weapon,,,"Wood, Skull, Star, Plant"
获得一个贴地武器,1.0,"2,3,5,6",any2,,weapon,,,"Bubble, Snake, Wave, Wind"
获得一个炸弹武器,1.0,"1,2,4,5",any2,,weapon,,,"Bomb, Crash, Drill, Napalm"
获得一个全屏攻击武器,1.0,"4,5,6",any2,,weapon,,,"Toad, Gravity, Centaur"
获得两个定身武器,2.0,"1,2,3,4",any2,,weapon,,,"Ice, Flash, Spark, Bright"
获得两个护盾武器,2.0,"2,4,5,6",any2,,weapon,,,"Wood, Skull, Star, Plant"
获得两个贴地武器,2.0,"2,3,5,6",any2,,weapon,,,"Bubble, Snake, Wave, Wind"
获得两个炸弹武器,2.0,"1,2,4,5",any2,,weapon,,,"Bomb, Crash, Drill, Napalm"
获得两个回旋武器,2.0,"1,2,3,4,6",any2,,weapon,,,"Cut, Quick, Shadow, Ring, Knight"
获得两个全屏攻击武器,2.0,"4,5,6",all,,weapon,,,"Flash, Toad, Gravity, Centaur"
获得全部贴地武器,3.0,"2,3,5,6",all,,weapon2,,,"Bubble, Snake, Wave, Wind"
获得全部炸弹武器,3.0,"1,2,4,5",all,,weapon2,,,"Bomb, Crash, Drill, Napalm"
获得全部全屏攻击武器,3.0,"4,5,6",all,,weapon2,,,"Flash, Toad, Gravity, Centaur"
获得4种护盾武器并抵挡一次攻击,4.0,"2,4,5,6",all,,weapon2,,,"飞叶盾, 骷髅盾, 星星盾, 植物盾"
每代让敌人定身一次,4.0,"1,2,3,4",all,,weapon2,,,"Ice, Flash, Spark, Bright"
在任意关卡的每一面都放一次狗,1.0,"3,4,5",any2,,,,,每次切屏。包括BOSS房和BOSS走廊。
分别乘坐1号道具和气球道具一次,1.0,"2,4",all,,supportitem,,,
用潜水狗击败一个敌人,1.0,"3,4",any,,rushmarine,,,
获取飞狗,1.0,"3,4,5,6",any3,,supportitem,,,"Needle, Drill, Gyro, Flame"
获取一个行动道具,1.0,"1,2,3,4,5,6",all,,"generic,supportitem",,supportitems.png,"<img src=""img/supportitems.png""/>"
在两个游戏中获取飞狗并乘坐,2.0,"3,4,5,6",any3,,supportitem,,,
在两个游戏中获取行动道具,1.0,"1,2,3,4,5,6",all,,supportitem,,,"<img src=""img/supportitems.png""/>"
获取4个行动道具,2.0,"1,2,3,4,5,6",any4,,supportitem,,supportitems.png,"<img src=""img/supportitems.png""/>"
获取6个行动道具,3.0,"1,2,3,4,5,6",any5,,supportitem,,supportitems.png,"<img src=""img/supportitems.png""/>"
在每个游戏中获取一个行动道具,4.0,"1,2,3,4,5,6",all,,supportitem,,supportitems.png,"<img src=""img/supportitems.png""/>"
获取每种行动道具,4.0,"1,2,3,4,5,6",all,,supportitem,,supportitems.png,"<img src=""img/supportitems.png""/>
飞狗和潜水狗只要在某一代拿到一次就行，不需要每代都拿
飞行装甲也视为飞狗"
完成同一个任务两次,1.0,"1,2,3,4,5,6,9,10",any,,,,,
不重启连续完成4个关卡,1.0,"1,2,3,4,5,6",any,0.75,"4bosses, 3continuousstages, 4continuousstages",,,
在一个游戏中击败4个BOSS,1.0,"1,2,3,4,5,6",any,0.25,4bosses,,,"Boss Rush的每个Boss都算
其余的每关只计算一个Boss"
在两个游戏中击败选关界面相同位置的BOSS,1.0,"1,2,3,4,5,6",any2,,square,,multi-stageselect.gif,"比如←方向: Elec, Heat, Hard, Pharaoh, Charge, Plant. 
1代上/下方向可以二选一"
用主克制击败一个机器人BOSS,1.0,"1,2,3,4,5,6",any2,,,,,"Metal Man = Quick or Metal.
Quick Man = Crash or Flash.
Wood Man = Heat.
Magnet Man = Spark or Shadow.
Pharaoh Man = Bright."
逆克制击败一个BOSS,1.0,"1,2,3,4,5,6,9,10",any,,,,,
只用特武通关任一关卡,1.0,"1,2,3,4,5,6",any,,specialweapononly,,supportitems.png,"包括BOSS
可以切换多种特武，但不能用P弹
不能用特殊道具和狗，除非在游戏中不得不用的地方"
击败一个游戏选关界面上下左右的4个BOSS,2.0,"2,3,4,5,6",any3,,square,,,
击败一个游戏选关界面斜角的4个BOSS,2.0,"2,3,4,5,6",any3,,square,,,
在单个游戏中完成3个城堡关卡,2.0,"1,2,3,4,5,6",any,,"castle, 3continuousstages","<img src=""img/multi-allpasswords.png""/>
1-6代：可以使用上述密码
7-11代：可以从城堡1开始",multi-allpasswords.png,
在两个游戏中各完成两个城堡关卡,3.0,"1,2,3,4,5,6",any4,,castle,"<img src=""img/multi-allpasswords.png""/>",multi-allpasswords.png,
完成5个城堡关卡,3.0,"2,3,4,5,6",any4,,castle,"<img src=""img/multi-allpasswords.png""/>",multi-allpasswords.png,
完成一个城堡的所有关卡,3.0,"1,2,3,4,5,6",any2,,castle,"<img src=""img/multi-allpasswords.png""/>",multi-allpasswords.png,
击败C开头的3个机器人BOSS,2.0,"1,2,5,6",any3,,,,,"Cut, Crash, Charge, Crystal, Centaur"
击败G开头的3个机器人BOSS,2.0,"1,3,5",all,,,,,"Guts, Gemini, Gravity, Gyro"
击败S开头的3个机器人BOSS,2.0,"3,4,5",any2,,,,,"Snake, Spark, Shadow, Skull, Star, Stone"
击败B开头的3个机器人BOSS,2.0,"1,2,4,6",any3,,,,,"Bomb, Bubble, Bright, Blizzard"
击败D开头的3个机器人BOSS,2.0,4,all,,,,,"Dust, Dive, Drill"
达到1w分,1.0,1,,,points,,,
达到3w分,1.0,1,,,points,,,
达到5w分,1.0,1,,,points,,,
达到8w分,1.0,1,,,points,,,
达到12w分,1.0,1,,,points,,,
完成一关时累计获取了30个分数球,1.0,1,,,,,,
在火关的每个版面拾取一个小火球掉落的分数球,1.0,1,,,,,,"<img src=""img/MM9Changkey.png""/>"
获取M道具,1.0,1,,,,,,
冻结火关的所有火柱,1.0,1,,,,,,
收集一个飞壳儿掉落的分数球,1.0,1,,,bombpacifist,,1-mambu.png,"<img src=""img/1-mambu.png""/>"
击败25个飞行炸弹,1.0,1,,,,,1-killerbomb.png,"<img src=""img/1-killerbomb.png""/>
Fire, Bomb, W3"
击败25个飞行企鹅,1.0,1,,,,,1-pepe.png,"<img src=""img/1-pepe.png""/>
Ice, W3"
击败一个扫地机器人,1.0,1,,,gabyoall1,,1-gabyoall.png,"<img src=""img/1-gabyoall.png""/>"
在两个关卡击败方形小眼睛,1.0,1,,,,,1-suzy.png,"<img src=""img/1-suzy.png""/>
Cut, Bomb"
击败一个压饼机器人,1.0,1,,,,,1-bigeye.png,"<img src=""img/1-bigeye.png""/>"
踏足冰关所有优酷格,1.0,1,,,yoku1,,,会定时出现和消失的砖块
电关全收集,1.0,1,,,,,,
收集一个放置的1up,1.0,1,,,,,,"Ice, Bomb, Guts, Wily 2, Wily 4"
收集一个放置的大血,1.0,1,,,placedhealth1,,,前六每关都有，城堡1有
在两关各收集一个放置大血,1.0,1,,,placedhealth1,,,前六每关都有，城堡1有
全清剪刀和炸弹关所有的挂壁炮台,1.0,1,,,,,,"<img src=""img/Mm1beaksprite.png""/>"
全清剪刀关,1.0,1,,,cut,,,"无限生成的怪只用打一只
包括<img src=""img/1-supercutter.png""/>里吐出来的剪刀
（弱点是石头和炸弹）"
收集一个掉落1up,1.0,1,,,,,,
同屏出现6个敌方剪刀,1.0,1,,,,,1-supercutter.png,"<img src=""img/1-supercutter.png""/>"
让气力人三个移动平台同屏出现,1.0,1,,,,,1-gutsplatforms.png,"<img src=""img/1-gutsplatforms.png""/>"
达到20w分,2.0,1,,,points,,,
达到25w分,2.0,1,,,points,,,
乘坐气力人关卡的最下层过山车一个来回,2.0,1,,,,,,只要两个方向的每段路程都乘坐了即可，不限定起点和终点。
击败单关所有扫地机器人,2.0,1,,,gabyoall1,,1-gabyoall.png,"<img src=""img/1-gabyoall.png""/>
Elec (11), Ice (6), Fire (3), Bomb (3)
可以用Cut, Elec, Fire, Bomb造成伤害。"
搬掉电人关卡BOSS之外的6块石头,2.0,1,,,,,,
用一发剪刀对一个机器人BOSS造成两次伤害,2.0,1,,,,,,禁暂停
让6个冻结的小火球同屏出现,2.0,1,,,,,1-6changkeys.png,"<img src=""img/1-6changkeys.png""/>"
用石头砸一下电人,2.0,1,,,,,,
仅用火焰武器反方向攻击击败气力人,2.0,1,,,guts,,,禁暂停
把炸弹关的乔带到右边楼梯位置,2.0,1,,,escortquest1,,1-sniperjoeladder.png,"<img src=""img/1-sniperjoeladder.png""/>"
搬掉剪刀关的所有石头,2.0,1,,,,,,"共19块，包括BOSS房的2块
需要补能量。"
让气力关开局的安全帽子弹向右横穿整个版面,2.0,1,,,escortquest1,,,需要M
让冰关开局的4个分头行动怪离开屏幕,2.0,1,,,escortquest1,,,"<img src=""img/Mm1crazyrazysprite.png""/>"
从炸弹关存档点反跑到开局,2.0,1,,,,,,需要M
反跑气力关的第一个版面,2.0,1,,,,,,"需要M
从最后一个<img src=""img/1-pickelman.png""/>的位置跑到开局三个安全帽的位置"
在两关各搬掉一块石头,2.0,1,,,,,,
冻结炸弹关所有敌人,2.0,1,,,,,,无限生成的敌人只用冻结一次
在三个不同关卡各拾取一个放置大血,2.0,1,,,placedhealth1,,,前六和城堡1都有
达到35w分,3.0,1,,,points,,,不要续关！
达到40w分,3.0,1,,,points,,,不要续关！
达到50w分,3.0,1,,,points,,,不要续关！
收集累计60个分数球,3.0,1,,,,,1-bonusball.png,"<img src=""img/1-bonusball.png""/>
每关通关时可以看到本关收集的分数球数量"
全清两关的扫地机器人,3.0,1,,,gabyoall1,,,"Elec (11), Ice (6), Fire (3), Bomb (3)
可以用Cut, Elec, Fire, Bomb造成伤害"
在电关同屏冻结6个监视者,3.0,1,,,,,1-icewatchers.png,"<img src=""img/1-icewatchers.png""/>"
和平主义抵达炸弹BOSS门（禁暂停）,3.0,1,,,"bombpacifist, bombpacifist2, bombpacifist3, bombpacifist4",,,和平主义：不伤害任何小怪
禁M通过冰关漂浮平台版面,3.0,1,,,footholder,,,"<img src=""img/footholder.png""/>"
把一个炸弹放置到被冻结的火柱上面,3.0,1,,,,,,Hint: some are easier than others
使用炸弹命中一次电人,3.0,1,,,,,,
反跑电关,3.0,1,,,,,,"从BOSS门口的大机器位置反跑到开局
反跑时不能通过死亡直接返回到重生点"
把一个炸弹关开头的一个蹦蹦带到最右边大能量的位置,3.0,1,,,"escortquest1, fleacircus",,1-bombflea.png,"<img src=""img/1-bombflea.png""/>"
反跑火关,3.0,1,,,,,,"从BOSS门口两个火柱前方开始反跑到开局
反跑时不能通过死亡直接返回到重生点"
仅用剪刀击败火人（禁暂停）,3.0,1,,,,,,拾取过关球结算
仅用炸弹击败冰人（禁暂停）,3.0,1,,,ice,,,拾取过关球结算
仅用剪刀击败冰人（禁暂停）,3.0,1,,,ice,,,拾取过关球结算
仅用炸弹造成伤害击败一个压饼机器人,3.0,1,,,,,1-bigeye.png,"<img src=""img/1-bigeye.png""/>
允许冻结"
在一场BOSS战中使用两种不同特武造成伤害,3.0,1,,,mm1boss3different,,,
清空前八所有的方独眼,3.0,1,,,"bombpacifist3, allsuzys",,1-suzy.png,"<img src=""img/1-suzy.png""/>
Cut (16), Ice (2), Bomb (8)"
在4个不同关卡各拾取一个放置大血,3.0,1,,,placedhealth1,,,前六每关都有，城堡1有
击败同一个机器人BOSS两次,3.0,1,,,robotwice,,,可以重复进入关卡完成，也可以通过BOSS RUSH完成
达到70w分,4.0,1,,,points2,,,不要续关！
达到80w分,4.0,1,,,points2,,,不要续关！
无伤完成一个关卡,4.0,1,,,,,,可以挂掉然后从复活点开始
反跑剪刀关,4.0,1,,,,,,"从第一道BOSS门口开始反跑到开局
反跑时不能通过死亡直接返回到重生点
爬上通往大血房间的楼梯需要火/电/暂停取消受击"
把BOSS房内有石头的机器人BOSS全部用房内的石头砸一下,4.0,1,,,,,,"Cut, Guts, Elec
需要造成伤害"
仅用剪刀击败气力人（禁暂停）,4.0,1,,,guts,,,拾取过关球结算
在一场BOSS战中使用三种不同特武造成伤害,4.0,1,,,mm1boss3different,,,
全清前六的扫地机器人,4.0,1,,,"gabyoall1, bombpacifist2",,,"<img src=""img/1-gabyoall.png""/>
Elec (11), Ice (6), Fire (3), Bomb (3)
可以用Cut, Elec, Fire, Bomb造成伤害"
把炸弹关开头的5个蹦蹦全部卡在一个管道中,4.0,1,,,fleacircus,,1-fleacircus.png,"<img src=""img/1-fleacircus.png""/>
在管道内外，冰都非常适合用来控制位置。
可以通过拖屏来刷新没有卡住的蹦蹦，也可以用来刷能量或血。"
在4个不同关卡破坏一道墙,4.0,1,,,,,,"Cut, Elec, Guts (BOSS房), Wily 1, Wily 3, Wily 4"
在前六每关收集一个放置大血,4.0,1,,,,,,
全收集城堡1和2,4.0,1,,,,,,
使用全部武器命中一个压饼机器人并击败他,4.0,1,,,bigeye,,1-bigeye.png,"<img src=""img/1-bigeye.png""/>"
把城堡1开头的三台压饼机器人带到城堡屋檐下,4.0,1,,,bigeye,,1-3bigeyes.png,"<img src=""img/1-3bigeyes.png“/>"
全清压饼机器人,4.0,1,,,bigeye,,1-bigeye.png,"<img src=""img/1-bigeye.png""/>
Guts, Elec, Ice, Cut各有1台
城堡1有3台"
纯P击败黄恶魔,4.0,1,,,yellowdevil1,,,
仅用炸弹击败复制人,4.0,1,,,copyrobot,,,
用每种武器各击败一台泡泡机（除了冰）,4.0,1,,,,,,"<img src=""img/Mm1cwu01psprite.png""/>
包括P弹
冰无法对泡泡机造成伤害，故排除"
仅用炸弹击败一台泡泡机,4.0,1,,,,,,"<img src=""img/Mm1cwu01psprite.png""/>"
拿到风车,4.0,1,,,,,1-yashichi.png,
仅用冰击败威利1阶段（禁暂停）,4.0,1,,,,,,
通关剪刀人关卡,1.0,1,,,,,,
通关电人关卡,1.0,1,,,,,,
通关火人关卡,1.0,1,,,,,,
通关炸弹人关卡,1.0,1,,,,,,
通关气力人关卡,1.0,1,,,gutsman,,,
通关冰人关卡,2.0,1,,,,,,
通关城堡1,3.0,1,,,yellowdevil1,,,
通关城堡2,3.0,1,,,copyrobot,,,
全程装备齿轮通关任一关卡,1.0,2,,,,,,温馨提示：齿轮无法对快速人，破坏人，空气人造成伤害
反跑泡泡关的第一个版面,1.0,2,,,,,,
全清木头关的蝙蝠,1.0,2,,,woodpacifist3,,2-batton.png,"<img src=""img/2-batton.png""/>"
击败前八任意关卡内所有种类的小怪各一只,1.0,2,,,,,,包括小BOSS，但不包括BOSS
踏足高热关的所有优酷砖,1.0,2,,,yoku2,,,定时出现，定时消失的砖块
用飞叶盾击败一条大鱼鱼,1.0,2,,,,,2-anko.png,"<img src=""img/2-anko.png""/>"
击败一个蛋爆出来的全部8只小鸟,1.0,2,,,,,2-pipieggs.png,"<img src=""img/2-pipieggs.png""/>
Crash, Air, Wood, Wily 1"
在两个关卡各击败一个叠叠乐,1.0,2,,,,,2-blocky.png,"<img src=""img/2-blocky.png""/>
Flash, Crash, Metal"
打垮一个叠叠乐且不受到伤害,1.0,2,,,,,2-blocky.png,"<img src=""img/2-blocky.png""/>
Flash, Crash, Metal"
使用火焰一箭三雕,1.0,2,,,3enemies2,,,
使用齿轮一箭三雕（鸟除外）,1.0,2,,,3enemies2,,,
使用任意特武一箭三雕,1.0,2,,,3enemies2,,,
击败一个扫地机器人,1.0,2,,,springer,,2-springer.png,"<img src=""img/2-springer.png""/>
可以用炸弹, 泡泡, 飞叶盾, 回旋镖和满蓄火焰造成伤害."
收集一个关卡内的所有E罐,1.0,2,,,"placed,etank2",,,
把一个3号道具放到威利标志上,1.0,2,,,item3,,2-item3drw.png,"<img src=""img/2-item3drw.png""/>"
让一个3号道具弹跳10次,1.0,2,,,item3,,,
收集一个放置1up,1.0,2,,,placed,,,"Crash(需道具), Flash(需道具), Heat, Metal, Quick
W1, W2, W4"
一键清空回旋镖能量,1.0,2,,,,,,完整的一管能量
把闪光关卡的第二台装甲乔卡在右边小黑屋,1.0,2,,,sniperarmor,,2-sniperarmorstuck.png,"<img src=""img/2-sniperarmorstuck.png""/>"
把闪光关卡最后的三台装甲乔带到左墙边,1.0,2,,,sniperarmor,,2-3sniperarmors.png,"<img src=""img/2-3sniperarmors.png""/>"
全清闪光人关卡,1.0,2,,,"flashmanenemies, leafshield4",,,"包括这个虫虫喷射器<img src=""img/Mm2boomerangblowersprite.png""/>"
全清闪光关卡的装甲乔,1.0,2,,,"sniperarmor2, flashmanenemies, leafshield4",,,"<img src=""img/2-sniperarmor.png""/>
总共5个"
在不触发掉落平台的情况下通过泡泡关的第一个版面,1.0,2,,,,,,"可以用时停或2号道具达成
但也可以用单帧跳达成（"
触发泡泡关卡的掉落平台，并用时停把它定在半空，然后踩上去,1.0,2,,,,,,
让快速人在房间中央摆特殊Pose,2.0,2,,,tink2,,2-quickpowerpose.png,"<img src=""img/2-quickpowerpose.png""/>
齿轮 / 泡泡 / 飞叶盾 被快速人弹开的特殊动作"
使用时停击败快速人,2.0,2,,,quickflash,,,每2格能量造成1点伤害
让两台装甲乔掉出屏幕,2.0,2,,,sniperarmor,,,"<img src=""img/2-sniperarmor.png""/>"
用满蓄的火焰击败一个叠叠乐,2.0,2,,,,,2-blocky.png,"<img src=""img/2-blocky.png""/>
Flash, Crash, Metal"
用任意特武一箭三雕小小青蛙,2.0,2,,,,,2-kerog.png,"<img src=""img/2-kerog.png""/>
可以用齿轮, 火焰, 空气, 炸弹, 树叶做到"
在木头关第一个版面一发攻击击败全部10只蝙蝠,2.0,2,,,,,,"可以用Heat, Air, Crash, Metal做到"
在前八任意关卡全清虫虫喷射器,2.0,2,,,,,,"<img src=""img/Mm2boomerangblowersprite.png""/>
弱点是齿轮 / 空气 / 飞叶盾
必须是有虫虫喷射器的关卡：Flash, Quick, Air
Quick关卡的第二只需要特武"
全清快速人关卡,2.0,2,,,leafshieldstage3,,,"需要火焰 / 炸弹 / 泡泡 / 树叶来击败<img src=""img/2-springer.png""/>
需要任意特武来击败<img src=""img/Mm2boomerangblowersprite.png""/>"
在两个关卡各收集一个放置1up,2.0,2,,,,,,"Heat (1), Flash (1需道具), Crash (1需道具), Quick (3), Metal (1需道具)
W1, W2, W4"
破坏人关卡全收集,2.0,2,,,mm2placedpowerup2,,,
快速人关卡全收集,2.0,2,,,mm2placedpowerup2,,,
反跑破坏人关卡,2.0,2,,,,,,"不必从BOSS门口开跑（不然需要道具才能回去）
最后一个楼梯开始反跑，到开局点。"
击败所有小BOSS,2.0,2,,,miniboss2,,2-miniboss.png,"<img src=""img/2-miniboss.png""/>
木头关：大狗x3
泡泡关：大鱼x2"
全清前八中任意两关的动物敌人,2.0,2,,,woodpacifist,,2-animals.png,"<img src=""img/2-animals.png""/>
反诺亚方舟"
用炸弹击败闪光人,2.0,2,,,,,,爆炸可以造成多次判定
收集并持有3个E罐,2.0,2,,,etank2,,,"Metal (2), Flash (1), Quick (1右路), Crash (1)"
和平主义抵达破坏人BOSS门,2.0,2,,,"pacifist2, bubbleman",,,和平主义：不伤害任何小怪
使用时停延迟任意BOSS的登场,2.0,2,,,,,,需要在进门前使用时停
和平主义抵达金属人BOSS门,2.0,2,,,metalman,,,和平主义：不伤害任何小怪
全程使用树叶盾抵达任意BOSS门,2.0,2,,,"leafshieldstage1, leafshieldstage2, leafshieldstage3, leafshieldstage4",,,
无时停通过快速人所有激光版面,2.0,2,,,,,,
连续无伤躲过大龙的10次攻击,2.0,2,,,,"<img src=""img/mm2-pw.png""/>",,"<img src=""img/2-mechadragon.png""/>
一次攻击的定义：大龙一次张口喷出的一串火球"
仅用泡泡击败变形砖块,2.0,2,,,picopico,"<img src=""img/mm2-pw.png""/>","mm2-pw.png, 2-picopicokun.png","<img src=""img/2-picopicokun.png""/>"
在城堡3击败一条大鱼,2.0,2,,,,"<img src=""img/mm2.png""/>","mm2.png, 2-bigfish.png","<img src=""img/2-bigfish.png""/>
弱点是回旋镖 / 炸弹"
收集并持有4个E罐,3.0,2,,,etank2,,,"Metal (2), Flash, Quick, Crash"
仅用齿轮击败高热人,3.0,2,,,,,,
让破坏人的炸弹丢到天花板上,3.0,2,,,,,2-crashbombceiling.gif,"<img src=""img/2-crashbombceiling.gif""/>
可以用1或3号道具做到
也可以在BR完成
破坏人关卡的BOSS房看起来没有天花板，但其实有（"
无伤进入空气人BOSS门,3.0,2,,,heatair2b,,,可以挂掉然后从复活点开始
把高热人关卡第一面的一个竹蜻蜓带到最右边的陆地上,3.0,2,,,escortquest2,,2-flyboyheat.png,"<img src=""img/2-flyboyheat.png""/>"
全清所有装甲乔（包括驾驶员）,3.0,2,,,"sniperarmor2, leafshieldstage1",,2-sniperarmor.png,"<img src=""img/2-sniperarmor.png""/>
5 in Flash, 2 in Quick, 1 in Heat"
拆掉闪光人关卡的所有可破坏墙壁,3.0,2,,,,,,需要1或2号道具
和平主义且不借助道具通过破坏人关卡的三个过山车版面,3.0,2,,,,,,和平主义：不伤害任何小怪
用三个不同特武击败分别击败一个青蛙吐出来三只小小青蛙,3.0,2,,,3differentspecial,,2-kerog.png,"<img src=""img/2-kerog.png""/>"
击败GB洛克人1中登场的全部机器人BOSS,3.0,2,,0.0,gameboy,,,"Heat, Flash, Quick, Bubble"
击败GB洛克人2中登场的全部机器人BOSS,3.0,2,,0.0,gameboy,,,"Metal, Wood, Crash, Air"
向左飞行且一次性用光整管2号道具能量,3.0,2,,,heatair2a,,,
让齿轮关最后一只小丑的轮子抵达BOSS门口,3.0,2,,,"leafshieldstage2, escortquest2, escortquesthard",,2-pierrowheel.gif,"<img src=""img/2-pierrowheel.gif""/>
需要在小丑落到轮子上之前拖掉或打掉他，轮子才会在空中移动
需要跟着轮子度过一段奇妙的旅程（bushi
需要1或2号道具"
被任意机器人BOSS弹开一发特武,3.0,2,,,tink2,,,
在木头人关卡让三只兔子同屏,3.0,2,,,"escortquest2, escortquesthard",,2-robbit.png,"<img src=""img/2-robbit.png""/>"
用满蓄火焰分别击败一只大狗和大鱼,3.0,2,,,,,2-miniboss.png,"<img src=""img/2-miniboss.png""/>"
无伤通过金属人关卡的第一个版面（禁zip，禁闪光）,3.0,2,,,,,,
禁跳跃键击败任意机器人BOSS,3.0,2,,,,,,
反跑空气人关卡的最后一个版面,3.0,2,,,"heatair2a, heatair2b, heatair2c, heatair2d, heatair2e",,,"从BOSS门口开始反跑，到最左边屏幕边缘
需要至少4发1号道具"
"城堡1,2全收集",3.0,2,,,mm2placedpowerup,"<img src=""img/mm2-pw.png""/>",mm2-pw.png,
"城堡1,2,3全收集",3.0,2,,,mm2placedpowerup,"<img src=""img/mm2-pw.png""/>",mm2-pw.png,
帮助一个半血以下的BOSS回满血,3.0,2,,,,"<img src=""img/mm2-pw.png""/>",mm2-pw.png,"炸弹可以治疗高热人
一些BOSS自己的武器也能治疗自己
外星人可以被泡泡以外的任意武器治疗"
在气力坦克BOSS战中累计击败30个安全帽，并完成BOSS战,3.0,2,,,gutstank,"<img src=""img/mm2-pw.png""/>",mm2-pw.png,
在两个不同关卡拆墙,3.0,2,,,,"<img src=""img/mm2-pw.png""/>",mm2-pw.png,"可以在Flash + Heat完成, 也可以在城堡完成"
越过大龙的头顶，并安全返回地面,3.0,2,,,,"<img src=""img/mm2-pw.png""/>","mm2-pw.png, 2-abovemechadragon.gif","<img src=""img/2-abovemechadragon.gif""/>"
仅用炸弹击败泡泡人,4.0,2,,,,,2-bubblecrash.gif,"<img src=""img/2-bubblecrash.gif""/>
提示：爆炸可以造成多次判定"
和平主义抵达木头人BOSS门,4.0,2,,,"woodpacifist, woodpacifist2, woodpacifist3, woodman",,,"和平主义：不伤害任何小怪
包括三条大狗"
和平主义抵达空气人BOSS门,4.0,2,,,"airpacifist, heatair2c, heatair2e, airman",,,"和平主义：不伤害任何小怪
需要1号道具通过浮云版面"
把空气人最后版面第一只小怪带到BOSS门口，且不伤害鸟和蛋,4.0,2,,,"petitgoblintier4, airpacifist2, heatair2d, escortquest2, escortquesthard",,2-petitgoblin.png,"<img src=""img/2-petitgoblin.png""/>
在正确的位置可以让鸟和蛋安全离开屏幕
有E罐会更保险"
把空气人开头第一只小怪带到版面最右边,4.0,2,,,"petitgoblintier4, airpacifist2, escortquest2, escortquesthard",,2-petitgoblin.png,"<img src=""img/2-petitgoblin.png""/>
没有1号道具的话极度困难
有1号道具也极度困难（"
仅用齿轮击败三个机器人BOSS,4.0,2,,,,,,"Bubble, Flash, Heat, Wood, Metal可以受到齿轮伤害"
无伤+和平主义+禁zip抵达高热人BOSS门,4.0,2,,,heatair2e,,,"和平主义：不伤害任何小怪
可以挂掉从复活点继续
需要用闪光过最后一个大机器"
在一场BOSS战中站上3种道具，并完成BOSS战,4.0,2,,,,,,
让木头人关卡的4只猴子同屏出现,4.0,2,,,"woodpacifist2, escortquest2, escortquesthard",,,
收集武器界面任意一页的全部武器和道具,4.0,2,,,,,,"不能跳到城堡关卡自动完成，必须正常收集
第一页：Heat, Air, Wood, Bubble, Quick
第二页：Flash, Metal, Crash, Item 1, Item 2, Item 3"
用齿轮击败金属人,4.0,2,,,,"<img src=""img/mm2-pw.png""/>",mm2-pw.png,
用炸弹击败气力坦克,4.0,2,,0.0,gutstank,"<img src=""img/mm2-pw.png""/>",mm2-pw.png,在正确的时机把炸弹贴到他的胸上可以让爆炸产生多次判定
拆掉洛克人2的所有可破坏墙壁,4.0,2,,,,"<img src=""img/mm2-pw.png""/>",mm2-pw.png,"Flash, Heat, Wily 2, Wily 3, Wily 4."
仅用炸弹击败大龙,4.0,2,,,,"<img src=""img/mm2-pw.png""/>",mm2-pw.png,把炸弹贴到他的胸上可以让爆炸产生多次判定
在城堡2把一个竹蜻蜓带到最右边的墙边,4.0,2,,,escortquest2,"<img src=""img/mm2-pw.png""/>","mm2.png, 2-flyboywily2.png","<img src=""img/2-flyboywily2.png""/>"
"城堡1,2,3,4全收集",4.0,2,,,mm2placedpowerup,"<img src=""img/mm2-pw.png""/>",mm2-pw.png,
通关闪光人关卡,1.0,2,,,flashman,,,
通关高热人关卡,1.0,2,,,heatman,,,
通关空气人关卡,1.0,2,,,airman,,,
通关破坏人关卡,1.0,2,,,crashman,,,
通关快速人关卡,1.0,2,,,quickman,,,
通关金属人关卡,1.0,2,,,metalman,,,
通关木头人关卡,1.0,2,,,woodman,,,
通关泡泡人关卡,1.0,2,,,bubbleman,,,
通关城堡1,1.0,2,,,"mm2castlebosses, mechadragon","<img src=""img/mm2-pw.png""/>",mm2-pw.png,
通关城堡2,2.0,2,,,"mm2castlebosses, picopico","<img src=""img/mm2-pw.png""/>",mm2-pw.png,
通关城堡3,3.0,2,,,"mm2castlebosses, gutstank","<img src=""img/mm2-pw.png""/>",mm2-pw.png,
通关城堡4,4.0,2,,,"mm2castlebosses, boobeamtrap","<img src=""img/mm2-pw.png""/>",mm2-pw.png,
通关,4.0,2,,,mm2castlebosses,"<img src=""img/mm2-pw.png""/>",mm2-pw.png,
在双子或四天王双子关卡摧毁所有的小蝌蚪卵,1.0,3,,,tadpoleegg,,,
在双子或四天王双子的某一个房间内摧毁所有的小蝌蚪卵,1.0,3,,,tadpoleegg,,,
用电火花麻痹一只大蜜蜂,1.0,3,,,hardmanstage,,,"<img src=""img/Mm3queenbeesprite.png""/>"
将坚硬人关卡第一面的大蜜蜂掉落的每只小蜜蜂带到版面终点,1.0,3,,,"hardmanstage, escortquest3",,,"<img src=""img/Mm3queenbeesprite.png""/>
总共3只大蜜蜂产下的所有小蜜蜂"
踩过坚硬关每一个鳄鱼陷阱,1.0,3,,,hardmanstage,,3-wanaan.png,"<img src=""img/3-wanaan.png""/>
每个鳄鱼陷阱触发一次即可"
在同一关卡利用反弹的激光击败3种不同类型的敌人,1.0,3,,,,,,
从坚硬关布鲁斯梯子上方返回到起点,1.0,3,,,,,,
从火花关下落版面的边缘回到起点,1.0,3,,,,,,"<img src=""img/Mm3peterchysprite.png""/>
在4只漫步大眼怪的地方开始反跑
回到出生点下层"
从尖刺关第二面梯子的位置返回到大能量的位置,1.0,3,,,,,,
用拳头击败压饼机器人,1.0,3,,,,,3-bikky.png,"<img src=""img/3-bikky.png""/>"
用电火花麻痹压饼机器人,1.0,3,,,,,3-bikky.png,"<img src=""img/3-bikky.png""/>"
击败陀螺人，然后用光陀螺能量,1.0,3,,,,,,
用任意特武击败大蛇头,1.0,3,,,,,3-bigsnakey.png,"<img src=""img/3-bigsnakey.png""/>"
开一个盲盒并收集其物品,1.0,3,,,,,3-surprise.png,"<img src=""img/3-surprise.png""/>"
在两个不同的关卡击败链球乔,1.0,3,,,hammerjoe,,3-hammerjoe.png,"<img src=""img/3-hammerjoe.png""/>"
在两个不同的关卡击败蜻蜓,1.0,3,,,,,3-yambow.png,"<img src=""img/3-yambow.png""/>"
在两个不同的关卡击败推土车,1.0,3,,,,,3-pickelmanbull.png,"<img src=""img/3-pickelmanbull.png""/>"
击败暗影关的所有全息投影仪,1.0,3,,,,,3-hologran.png,"<img src=""img/3-hologran.png""/>"
踏足磁铁关的所有优酷砖,1.0,3,,,yoku3,,,
破坏20个垃圾块,1.0,3,,,,,3-junkblock.png,"<img src=""img/3-junkblock.png""/>"
用电火花麻痹两个面对面的同类型敌人,1.0,3,,,,,3-frozenfacing.gif,"<img src=""img/3-frozenfacing.gif""/>"
在三个关卡中击败布鲁斯,1.0,3,,,,,,
用陀螺击败蓝白鱼,1.0,3,,,topspin,,3-gyoraibo.png,"<img src=""img/3-gyoraibo.png""/>"
用陀螺击败蜻蜓,1.0,3,,,topspin,,3-yambow.png,"<img src=""img/3-yambow.png""/>"
用陀螺击败跳杆机器人,1.0,3,,,topspin,,3-bubukan.png,"<img src=""img/3-bubukan.png""/>"
用一发电火花麻痹两个敌人,1.0,3,,,,,,
在双子关的第一面往返1.5次,1.0,3,,,,,,往 -> 返 -> 往
摧毁同一个大猫的4个纱线球,1.0,3,,,tama,,3-tama.png,"<img src=""img/3-tama.png""/>"
拾取E罐,1.0,3,,,etank3,,,
摧毁陀螺关的第2只大猫的两个纱线球,1.0,3,,,tama,,3-tama.png,"<img src=""img/3-tama.png""/>
如果纱线球离开屏幕了
在你清掉他身上跳出来的跳蚤后，又会重新吐出来"
在一只蛐蛐坐下的时候丢出蛇而不击败它,1.0,3,,,,,3-mechakkerosnake.gif,"<img src=""img/3-mechakkerosnake.gif""/>"
击败任意两个小boss,1.0,3,,,miniboss3,,3-miniboss.gif,"<img src=""img/3-miniboss.gif""/>"
一键清空全部尖刺能量,1.0,3,,,,,,
在尖刺关用头碰每一个伸缩尖刺的天花板且不受伤,1.0,3,,,,,,不能卖血完成
用每种武器击中任意四天王Boss后再击败它,1.0,3,,,doctink,"<img src=""img/mm3-docs-pw.png""/>",mm3-pw.png,被弹开了也行，只要打中就算
击败龟龟制造机，每只乌龟用不同特武击败,1.0,3,,,kamegoro,"<img src=""img/mm3-pw.png""/>",mm3-pw.png,
用拳头击败金属人,1.0,3,,,docmetal,"<img src=""img/mm3-docs-pw.png""/>",mm3-docs-pw.png,
击败任意三个2代Boss,1.0,3,,,,"<img src=""img/mm3-docs-pw.png""/>",mm3-docs-pw.png,
在任意2代Boss非无敌状态下让他弹开一个特武子弹,1.0,3,,,doctink,"<img src=""img/mm3-docs-pw.png""/>",mm3-docs-pw.png,被木头人或高热人的护盾（无敌状态）弹反不算
让非无敌状态下的一个机器人Boss弹反一种特殊武器,2.0,3,,,doctink,,,被磁铁或陀螺人的无敌状态弹反不算
在暗影关用陀螺击败每一个可伤害的敌人,2.0,3,,,topspin2,,,不包括Boss
全程使用拳头抵达陀螺Boss门,2.0,3,,,top,,,
在陀螺关当每一只陀螺兵张开嘴时用电火花麻痹它,2.0,3,,,,,3-topshock.gif,"<img src=""img/3-topshock.gif""/>"
在任意前八关卡击败每一个链球乔,2.0,3,,,hammerjoe,,3-hammerjoe.png,"<img src=""img/3-hammerjoe.png""/>
Needle (2), Snake (2), Hard (2), Spark (1)"
带着一只蝌蚪到达双子关的企鹅下仔器版面末端（和平主义）,2.0,3,,,escortquest3,,,"<img src=""img/Mm3polesprite.png""/><img src=""img/Mm3penpenmachinesprite.png""/>"
让陀螺关第一面的全部5个蛐蛐卡在滑铲隧道下,2.0,3,,,escortquest3,,3-mechakkerotop.png,"<img src=""img/3-mechakkerotop.png""/>"
收集并持有3个E罐,2.0,3,,,etank3,,,
乘上飞狗后，全程不触地击败任意Boss,2.0,3,,,,,,
用飞镖击败尖刺人,2.0,3,,,needle,,,
仅用飞镖击败蛇人,2.0,3,,,shadow,,,
用尖刺击败磁铁人,2.0,3,,,,,,
用反弹的激光对尖刺人以外的任意机器人Boss造成最后一击,2.0,3,,,,,,陀螺人免疫激光
用陀螺给暗影人和高热人以外的任意机器人Boss造成最后一击,2.0,3,,,,,,
仅用特武击败布鲁斯,2.0,3,,,,,,"可以切换多种特武
免疫蛇和陀螺
磁铁能量刚好够
激光只能打到半血"
抵达蛇人Boss门（和平主义）,2.0,3,,,"miniboss3, bombflier",,,必须跳过小Boss战
在暗影关反向完成全息投影和滑翔伞房间,2.0,3,,,shadowbackwards,,,"<img src=""img/Mm3hologramsprite.png""/><img src=""img/Mm3parachutesprite.png""/>"
在4个不同的关卡里让一个掉落物卡在墙内,2.0,3,,,,,,"<img src=""img/3-dropinsolidobject.png""/>"
击败洛克人3中每一只巨型弹簧扫地机器人,2.0,3,,,,"<img src=""img/mm3-docs-pw.png""/>",mm3-docs-pw.png,"<img src=""img/3-giantspringer.png""/>
Magnet (3), Doc Spark (2), Doc Needle (1)"
击败前八布鲁斯以外的全部小Boss,2.0,3,,,miniboss3,,,"大猫 (2), 大蛇 (2), 打企鹅 (2)"
从蛇人关卡的存档点回到起点,2.0,3,,,,,,
用拳头击败黄泥人,2.0,3,,,yellowdevilmkii,"<img src=""img/mm3-pw.png""/>",mm3-pw.png,"<img src=""img/Mm3yellowdevilsprite.png""/>
黄色恶魔MK-II"
四天王尖刺关卡全收集,2.0,3,,,,"<img src=""img/mm3-docs-pw.png""/>",mm3-docs.png,
仅用飞镖+电火花+磁铁击败破坏人,2.0,3,,,,"<img src=""img/mm3-docs-pw.png""/>",mm3-docs-pw.png,
仅用激光+拳头+陀螺击败泡泡人,2.0,3,,,docgemini,"<img src=""img/mm3-docs-pw.png""/>",mm3-docs-pw.png,
不激活任何电梯且不使用飞狗，穿过火花关最后一个版面,3.0,3,,,,,,电梯踩边不会激活
在不使用飞狗的情况下到达暗影人的Boss门（和平主义）,3.0,3,,,shadowbackwards,,,可以击败布鲁斯
在蛇关第一面让全部4个跳跳同屏出现,3.0,3,,,"escortquest3, escortquesthard",,3-dada.png,"<img src=""img/3-dada.png""/>"
仅用蛇击败尖刺人,3.0,3,,,needle,,,
无伤完成陀螺人关卡和Boss战（允许死亡复活）,3.0,3,,,,,,
仅用拳头抵达暗影Boss门,3.0,3,,,"shadowbackwards, topspin2",,,
仅用激光+火花击败暗影人,3.0,3,,,,,,
全程用蛇击败陀螺人关卡和Boss,3.0,3,,,top,,,注意能量管理
和平主义抵达双子Boss门,3.0,3,,,,,,可以破坏蝌蚪蛋，但不能击杀蝌蚪
使用3种不同特武分别击败坚硬关的3只猴子,3.0,3,,,,,3-returningmonkings.png,"<img src=""img/3-returningmonkings.png""/>"
使用3种不同特武分别击败一组从大猫身上产生的3只跳蚤,3.0,3,,,3differentspecial,,3-tama.png,"<img src=""img/3-tama.png""/>"
在3个不同关卡使用不同特武击败布鲁斯,3.0,3,,,3differentspecial,,,"有4种武器可以单独完成：
磁铁, 拳头, 尖刺, 飞镖"
无伤完成任意一个关卡（允许死亡复活）,3.0,3,,,,,,
在与蛇人的战斗中摧毁7条蛇，然后击败Boss,3.0,3,,,,,,
集中暗影关的6个漫步大眼，并用一发陀螺击败它们全部,3.0,3,,,"topspin2, escortquest3, escortquesthard",,3-walkingeyetopspin.png,"<img src=""img/3-walkingeyetopspin.png""/>"
仅用蛇击败暗影人,3.0,3,,,shadow,,,
仅用反弹的激光击败快速人,3.0,3,,,docmetal,"<img src=""img/mm3-docs-pw.png""/>",mm3-docs-pw.png,
仅用蛇击败空气人,3.0,3,,,,"<img src=""img/mm3-docs-pw.png""/>",mm3-docs-pw.png,
城堡123全收集,3.0,3,,,,"<img src=""img/mm3-pw.png""/>",mm3-pw.png,
仅在站在漩涡上时射击，击败龟龟制造机,3.0,3,,,kamegoro,"<img src=""img/mm3-pw.png""/>",mm3-pw.png,只有能站在地上开火的武器可以使用
仅使用跳狗，到达城堡2的Boss门并返回起点,3.0,3,,,,"<img src=""img/mm3-pw.png""/>",mm3-pw.png,
不使用飞狗或潜水狗完成四天王双子关卡（和平主义）,3.0,3,,,,"<img src=""img/mm3-docs-pw.png""/>",mm3-docs-pw.png,可以破坏蝌蚪蛋，但不能击杀蝌蚪
击败双子和四天王双子关卡中的每一个蝌蚪蛋,3.0,3,,,tadpoleegg,"<img src=""img/mm3-docs-pw.png""/>",mm3-docs-pw.png,
在前八每一关里，让一个掉落物卡在墙内,4.0,3,,,,,3-dropinsolidobject.png,"<img src=""img/3-dropinsolidobject.png""/>"
获取任意一页的全部武器道具,4.0,3,,,,,,"第一页：尖刺, 磁铁, 激光, 拳头, 陀螺
第二页：蛇, 电火花, 飞镖, 潜水狗, 飞狗"
无伤抵达双子Boss门（允许死亡复活）,4.0,3,,,,,,
在双子关的水版面，让每只蜻蜓都被电火花麻痹,4.0,3,,,,,3-yambow.png,"<img src=""img/3-yambow.png""/>"
仅用Boss自己克自己完成BR,4.0,3,,,,"<img src=""img/mm3-pw.png""/>",mm3-pw.png,"陀螺战中要小心——学会怎样命中他但是不让能量一泄而空
可能需要E罐"
仅用P弹站在漩涡上时攻击打败龟龟制造机,4.0,3,,,"kamegoro, hardknuckle","<img src=""img/mm3-pw.png""/>",mm3-pw.png,
使用拳头击败每一个能受到拳头伤害的城堡Boss,4.0,3,,,"hardknuckle,holographshadow","<img src=""img/mm3-pw.png""/>",mm3-pw.png,"包括：
龟龟制造机, 黄泥人, 全息投影洛克人, 威利飞船, 最终Boss1阶段"
以每一轮只用飞镖击中一次，击败全息投影复制洛克人,4.0,3,,,"holographshadow, holographmegamans","<img src=""img/mm3-pw.png""/>",mm3-pw.png,
击败洛克人3中的每一个小boss,4.0,3,,,miniboss3,"<img src=""img/mm3-docs-pw.png""/>","3-miniboss.gif, mm3-docs-pw.png","<img src=""img/3-miniboss.gif""/>
大蛇 (2), 大猫 (2), 大企鹅 (2), 布鲁斯 (3), 大安全帽 (2)"
全程使用蛇完成四天王暗影关卡,4.0,3,,,docshadowsnake,"<img src=""img/mm3-pw.png""/>",mm3-docs-pw.png,
全程使用飞镖，完成四天王火花关卡,4.0,3,,,"docmetal, docquick","<img src=""img/mm3-pw.png""/>",mm3-docs-pw.png,第一个房间允许叫狗
在不重置游戏的情况下，完成四天王关卡并击败Break Man,4.0,3,,,,"<img src=""img/mm3-pw.png""/>",mm3-docs-pw.png,
全程按住尖刺自带连发，到达闪光人Boss门,4.0,3,,,,"<img src=""img/mm3-pw.png""/>",mm3-docs-pw.png,"开局按住攻击键不松手，直到进入闪光人Boss房
需要利用好滑铲"
纯P击败任意四个二代Boss,4.0,3,,,,"<img src=""img/mm3-pw.png""/>",mm3-docs-pw.png,
通关陀螺人关卡,1.0,3,,,,,,
通关暗影人关卡,1.0,3,,,,,,
通关双子人关卡,1.0,3,,,,,,
通关尖刺人关卡,1.0,3,,,,,,
通关蛇人关卡,1.0,3,,,,,,
通关磁铁人关卡,1.0,3,,,,,,
通关坚硬人关卡,1.0,3,,,,,,
通关火花人关卡,1.0,3,,,,,,
通关四天王尖刺关卡,1.0,3,,,,"<img src=""img/mm3-docs-pw.png""/>",mm3-docs-pw.png,
通关四天王火花关卡,1.0,3,,,,"<img src=""img/mm3-docs-pw.png""/>",mm3-docs-pw.png,
通关四天王暗影关卡,1.0,3,,,,"<img src=""img/mm3-docs-pw.png""/>",mm3-docs-pw.png,
通关四天王双子关卡,1.0,3,,,,"<img src=""img/mm3-docs-pw.png""/>",mm3-docs-pw.png,
通关城堡1,1.0,3,,,"kamegoro, mm3castlebosses","<img src=""img/mm3-pw.png""/>",mm3-pw.png,
通关城堡2,2.0,3,,,"mm3castlebosses, yellowdevilmkii","<img src=""img/mm3-pw.png""/>",mm3-pw.png,
通关城堡3,2.0,3,,,"mm3castlebosses, holographmegamans","<img src=""img/mm3-pw.png""/>",mm3-pw.png,
通关城堡4,3.0,3,,,mm3castlebosses,"<img src=""img/mm3-pw.png""/>",mm3-pw.png,
通关,4.0,3,,,mm3castlebosses,"<img src=""img/mm3-pw.png""/>",mm3-pw.png,
激活游戏中的每个蝗虫和子弹平台,1.0,4,,,,,,"灯泡关：<img src=""img/Mm4robotgrasshoppersprite.png"">
发老关：<img src=""img/Mm4hoversprite.png"">"
仅用钩爪击败圆环关的两只河马,1.0,4,,,wire4,,4-hippowire.png,"<img src=""img/4-hippowire.png"">"
在不冻结或击败任何敌人的情况下，来回穿过法老第一面的流沙,1.0,4,,,,,,起点 -> 终点 -> 起点
用一发酸雨击败6个敌人,1.0,4,,,,,,
摧毁垃圾关压饼机的每一个方块,1.0,4,,,,,,
骷髅关全收集,1.0,4,,,,,,"E罐x2, 大能量x2, 小能量x6, 艾迪x1"
在钩爪悬挂的时候射击并击败一个敌人,1.0,4,,,wire4a,,,
使用骷髅盾击败一个独轮车,1.0,4,,,,,4-monoroader.png,"<img src=""img/4-monoroader.png"">
Ring, Drill, Cossack 1, Cossack 2"
击败一个扫地机器人,1.0,4,,,,,4-garyoby.png,"<img src=""img/4-garyoby.png"">"
在两个不同的关卡中击败一个压饼机器人,1.0,4,,,jumbig,,4-jumbig.png,"<img src=""img/4-jumbig.png"">"
让一个压饼机器人在任意关卡中落坑,1.0,4,,,jumbig,,,"<img src=""img/4-jumbig.png"">
不要求是致死坑，切屏坑也算"
使用导弹击败一个大蜗牛,1.0,4,,,miniboss4a,,4-escaroo.png,"<img src=""img/4-escaroo.png"">"
使用除闪光定时器之外的任意特武击败一名小boss,1.0,4,,,miniboss4a,,4-moby.png,"<img src=""img/4-miniboss.gif"">
“特武”指的是从Boss那里拿到的武器
钩爪和狗不算"
使用气球跳过一个鲸鱼,1.0,4,,,skipminiboss4,,4-moby.png,"<img src=""img/4-moby.png“>"
跳过一个小Boss,1.0,4,,,"skipminiboss4, kabatoncuefloor",,4-miniboss.gif,"<img src=""img/4-miniboss.gif"">"
在一场战斗中，将河马从最高点带到地面3次,1.0,4,,,kabatoncuefloor,,4-kabatoncue.png,"<img src=""img/4-kabatoncue.png"">"
使用一种特武击败一个骷髅乔,1.0,4,,,,,4-skeletonjoe.png,"<img src=""img/4-skeletonjoe.png"">"
用一发蓄力炮击败3只蝙蝠,1.0,4,,,,,4-battonton.png,"<img src=""img/4-battonton.png"">"
收集气球，并在除法老之外的关卡中使用,1.0,4,,,,,,
激活圆环关卡的每一座移动桥,1.0,4,,,,,,"<img src=""img/MM4RainbowPlatform.png"">
<img src=""img/MM4CoilPlatform.png"">"
收集一个E罐,1.0,4,,,etank4,,,
收集一个放置的1up,1.0,4,,,,,,"Bright, Drill, Cossack 2, Cossack 4, Wily 3"
击败每一种类型的安全帽小兵各一只,1.0,4,,,,,4-metalls.png,"<img src=""img/4-metalls.png"">
共3种，分别在：钻头、垃圾、潜水关卡
威利1每种都有"
在不接触地面或梯子的情况下，踩到7个不同的气球,1.0,4,,,,,,
击败灯泡和垃圾关卡中的两台糖豆机,1.0,4,,,dustpacifist,,4-gachappon.png,"<img src=""img/4-gachappon.png"">"
在骷髅头部回位时将其冻结,1.0,4,,,,,4-snapskeletonjoe.png,"<img src=""img/4-snapskeletonjoe.png"">"
用潜水升降平台让一个安全帽在空中悬浮,1.0,4,,,,,,
引爆潜水关卡的每一个海雷,1.0,4,,,,,,
在潜水艇中战斗并击败一个鲸鱼,1.0,4,,,"marine, moby",,,"<img src=""img/4-moby.png“>"
灯泡关全收集,1.0,4,,,brightmanringskull1,,,不要忘了岔路
用任意武器一枪击败5个直升机,1.0,4,,,,,4-taketento.png,"<img src=""img/4-taketento.png"">
Drill, Dust, Pharaoh"
只使用钻头和气球，完成哥萨克城堡1,1.0,4,,,drillballoon,"<img src=""img/mm4-pw.png"">",mm4-pw.png,
在一个木乃伊躲进房间时，偷偷无伤路过,1.0,4,,,,,,"Pharaoh, Wily 2"
击败钻头人关卡的每一个敌人,1.0,4,,,pharaohnoshot,,,每个落石机需要打掉一块落石
在圆环关卡中，让独轮车通过一个滚动平台,1.0,4,,,,,4-monoroader.png,"<img src=""img/4-monoroader.png"">"
在骷髅关卡第一屏中，引导一个弹跳的炮弹通过蜿蜒的走廊,1.0,4,,,,,,"你只需要看到它离开走廊并飞进起始房间即可
而不是一直飞到左边屏幕的边缘
闪光定时器很有用，但不是必需"
从钻头关的落石或其碎片中刷取每种掉落物,2.0,4,,,,,,共5种：大小血包，大小能量，1up
击败法老、骷髅和钻头关卡中的每一只蝙蝠,2.0,4,,,,,4-battonton.png,"<img src=""img/4-battonton.png"">"
从骷髅关卡的存档点房间的末端返回起点,2.0,4,,,,,,
使用钩爪给大蜗牛造成最后一击,2.0,4,,,wire4,,4-escaroo.png,"<img src=""img/4-escaroo.png"">"
通关骷髅人关卡（纯P+禁蓄力+禁滑铲）,2.0,4,,,,,,如果不慎违规，可以就近自杀，从上一个复活点重来
从圆环人Boss门返回到存档点,2.0,4,,,,,,需要气球或飞狗
只使用垃圾完成任意关卡（包括Boss战）,2.0,4,,,,,,
在飞狗上击败任意Boss,2.0,4,,,,,,
抵达垃圾Boss门（和平主义）,2.0,4,,,"dustpacifist, dustpacifist2",,,
同时拥有4个E罐,2.0,4,,,etank4,,,"Pharaoh (1), Bright (1), Ring (艾迪), Dust (艾迪), Skull (2, 艾迪), Dive (艾迪), Drill (1)"
击败前八关每一个压饼机器人,2.0,4,,,jumbig,,4-jumbig.png,"<img src=""img/4-jumbig.png"">
Dust (2), Dive (1), Drill (1)"
当法老人呈蓝色时，用闪光冻结他,2.0,4,,,,,4-snappharaoh.png,"<img src=""img/4-snappharaoh.png"">"
同时用闪光冻结跳跃中的两种颜色的飞跃鱼,2.0,4,,,,,4-snapgyotot.png,"<img src=""img/4-snapgyotot.png"">
Dive, Toad"
用闪光冻结两种不同颜色的独轮车,2.0,4,,,,,4-snapmonoroader.png,"<img src=""img/4-snapmonoroader.png"">
Drill, Ring, Cossack 1, Cossack 2"
击败前八关的每一个直升机,2.0,4,,,dustpacifist,,4-taketento.png,"<img src=""img/4-taketento.png"">
Drill, Dust, Pharaoh"
全程装备气球抵达任意机器人Boss门,2.0,4,,,,,,"可以做到的关卡：
Pharaoh, Bright, Skull, Dive, Drill"
当钻头人在地下时，用酸雨击败他,2.0,4,,,,,,
从灯泡关存档点上方的房间返回存档点的起点,2.0,4,,,brightmanringskull2,,,需要气球或飞狗
从跳狗弹起并在落地前击败两个敌人,2.0,4,,,,,4-coil2defeat.gif,"<img src=""img/4-coil2defeat.gif"">"
只用未蓄力P弹击败除蛤蟆人以外的任意Boss,2.0,4,,,uncharged4,,,
用钩爪对任意机器人Boss造成最后一击,2.0,4,,,wire4a,,,
让4个直升罐头降落在同一屏,2.0,4,,,,,4-helipon.png,"<img src=""img/4-helipon.png"">
钻头关卡"
只用击中其导弹产生的垃圾碎屑击败河马,2.0,4,,,ringbusteronly,,4-kabatoncue.png,"<img src=""img/4-kabatoncue.png"">"
"哥萨克1,2全收集",2.0,4,,,,"<img src=""img/mm4-pw.png"">",mm4-pw.png,不要忘了哥萨克城堡1埋在雪里的E罐
从哥萨克1的Boss门口返回到起点,2.0,4,,,,"<img src=""img/mm4-pw.png"">",mm4-pw.png,
当大方块完全组合时站在其顶部,2.0,4,,,,"<img src=""img/mm4-pw.png"">",mm4-pw.png,
通过钻头关最后一个版面而不触碰任何开关,3.0,4,,,,,,需要飞狗
只用法老球以满能量完成任意关卡（包括Boss战）,3.0,4,,,pharaohnoshot,,,"按住攻击键不松手
按暂停可以重置"
通关圆环人关卡（纯P+禁蓄力+禁滑铲）,3.0,4,,,"noslide4, uncharged4, ringbusteronly",,,如果不慎违规，可以就近自杀，从上一个复活点重来
跳过每种类型的小Boss而不击败它们,3.0,4,,,"miniboss4, skipminiboss4",,4-miniboss.gif,"<img src=""img/4-miniboss.gif"">
需要闪光定时器和气球"
击败前八关卡中的每一个小Boss,3.0,4,,,miniboss4,,4-miniboss.gif,"<img src=""img/4-miniboss.gif"">
Toad (2), Ring (4), Dive (2) "
从两个方向完整地护送一把飞行雨伞穿过蛤蟆关第一个版面,3.0,4,,,"escortquest4, escortquesthard",,4-umbrella.gif,"<img src=""img/4-umbrella.gif"">
两个方向可以分开完成"
在用3种不同特殊武器攻击节节高后击败它,3.0,4,,,3differentspecial,,4-totempolen.gif,"<img src=""img/4-totempolen.gif"">
第三种特武直接造成最后一击也算"
只用圆环和骷髅击败灯泡人关卡和Boss,3.0,4,,,"brightmanringskull1, brightmanringskull2, brightmanringskull3, brightmanringskull4",,,骷髅2点伤害，圆环1点伤害
不使用飞狗且不按方向键，反跑蛤蟆关第一个版面,3.0,4,,,,,,"允许第一个转身
打开菜单的时候可以按方向键
有气球会容易得多"
在一场战斗中，只用P弹在中线以上击落6枚潜水导弹,3.0,4,,,,,4-divemanmissiles.gif,"<img src=""img/4-divemanmissiles.gif"">"
反跑法老关卡的最后一个房间,3.0,4,,,,,,"从Boss门口返回版面边缘
最后一只木乃伊可以用来帮忙卖血过刺
需要气球或飞狗"
从垃圾的压饼机版面末端返回到红色方块房间的起点,3.0,4,,,dustpacifist2,,,
让圆环关最后一个版面上的全部8个小土星同屏出现,3.0,4,,,escortquest4,,,"<img src=""img/Mm4ringaringasprite.png"">"
在大蝴蝶刺穿3个完整的洞后击败它,3.0,4,,,mothraya,"<img src=""img/mm4-pw.png"">",mm4-pw.png,
只用钻头和气球完成哥萨克1和2,3.0,4,,,"drillballoon, drillballoon2","<img src=""img/mm4-pw.png"">",mm4-pw.png,
从哥萨克2的Boss门返回到起点,3.0,4,,,,"<img src=""img/mm4-pw.png"">",mm4-pw.png,复活点只有在返回经过了复活点之后才允许使用
仅使用圆环击败双蟑螂,3.0,4,,,cockroachtwins,"<img src=""img/mm4-pw.png"">",mm4-pw.png,哥萨克3Boss
不激活任何上升平台到达哥萨克3的Boss门,3.0,4,,,,"<img src=""img/mm4-pw.png"">",mm4-pw.png,
全程装备潜水狗，击败潜水人关卡和Boss,4.0,4,,,diveman,,,
使用法老球击败潜水人,4.0,4,,,diveman,,,建议备好E罐
用一发蓄力炮摧毁4个独轮车,4.0,4,,,,,,"<img src=""img/4-monoroader.png"">
你需要提前对它们每一个都造成一次伤害.
圆环和钻头关卡能找到4只"
禁跳跃键通关蛤蟆人关卡（和Boss）,4.0,4,,,toad,,,"需要跳狗，需要刷点能量
需要法老球或潜水导弹"
禁跳跃键通关骷髅人关卡（和Boss）,4.0,4,,,,,,需要钩爪或跳狗
仅用气球返回法老关存档房间的开头,4.0,4,,,hover,,,"可以激活子弹平台
需要创造性地利用卖血"
不激活子弹平台，只用气球穿越法老关存档点房间,4.0,4,,,hover,,,
只用潜水导弹和钩爪抵达并进入垃圾人Boss门,4.0,4,,,,,,"有丶难度
祝你好运"
击败灯泡关第一只飞行灯泡并黑屏抵达切屏点,4.0,4,,,,,,"需要在10秒内完成，否则灯会亮起来
你不能反方向拖出这个灯泡来完成"
完成任一城堡的关卡（和平主义）,4.0,4,,,4castlepacifist,"<img src=""img/mm4-pw.png"">",mm4-pw.png,也不允许攻击骷髅乔
"完成威利1, 2（和平主义）",4.0,4,,,"pacifist4, mm4pacifistwily1","<img src=""img/mm4-pw.png"">",mm4-pw.png,
使用钩爪给任意2个城堡Boss最后一击,4.0,4,,,,"<img src=""img/mm4-pw.png"">",mm4-pw.png,"BR不算
最终BOSS不受钩爪伤害"
在平台下方用钩爪悬挂时射击并完成对双蟑螂的最后一击,4.0,4,,,cockroachtwins,"<img src=""img/mm4-pw.png"">",mm4-pw.png,"哥萨克3Boss
需要活着结算
当BOSS的爆炸球离开屏幕之后刺就可以站了"
从城堡1Boss门返回水下区域开始处,4.0,4,,,mm4wily1,"<img src=""img/mm4-pw.png"">",mm4-pw.png,
在城堡1的每个水体中进入潜水狗,4.0,4,,,mm4wily1,"<img src=""img/mm4-pw.png"">",mm4-pw.png,
击败城堡1、2和3中的每一位敌人,4.0,4,,,"pacifist4, mm4pacifistwily1","<img src=""img/mm4-pw.png"">",mm4-pw.png,
用圆环给威利胶囊最后一击,4.0,4,,,,"<img src=""img/mm4-pw.png"">",mm4-pw.png,最终Boss
通关法老人关卡,1.0,4,,,,,,
通关灯泡人关卡,1.0,4,,,,,,
通关圆环人关卡,1.0,4,,,,,,
通关垃圾人关卡,1.0,4,,,,,,
通关骷髅人关卡,1.0,4,,,,,,
通关潜水人关卡,1.0,4,,,diveman,,,
通关钻头人关卡,1.0,4,,,,,,
通关蛤蟆人关卡,1.0,4,,,,,,
通关哥萨克城堡1,1.0,4,,,"cossackstages, mothraya",y,mm4-pw.png,
通关哥萨克城堡2,2.0,4,,,"cossackstages, squaremachine",y,mm4-pw.png,
通关哥萨克城堡4,4.0,4,,,"cossackstages, cossackcatcher",y,mm4-pw.png,
通关威利城堡1,4.0,4,,,"cossackstages, metalldaddy",y,mm4-pw.png,
通关威利城堡2,4.0,4,,,metalldaddy,y,mm4-pw.png,
打爆50颗陨石,1.0,5,,,,,,
从敌人处获得一个1up,1.0,5,,,,,,
收集一个E罐,1.0,5,,,etank5,,,
仅用强化滑铲击败一个超人,1.0,5,,,mm5stomper,,5-powermuscler.png,"<img src=""img/5-powermuscler.png"">"
用重力闪光给一个超人最后一击,1.0,5,,,mm5stomper,,5-powermuscler.png,"<img src=""img/5-powermuscler.png"">
13血。重力能造成1点伤害。"
用一发石头击败3个敌人或弹射物,1.0,5,,,,,,
用一发反弹的水晶击败3个敌人,1.0,5,,,,,,
使用M罐将至少5个敌人变成1up,1.0,5,,,mtank5,,,"血和所有武器能量全满的情况下使用M罐
可以把全屏敌人变成1up"
在两个不同的关卡上踩到旋转平台,1.0,5,,,,,,
仅用不蓄力P弹击败任意boss,1.0,5,,,uncharged5,,,
用一发重力击败至少7个敌人,1.0,5,,,,,,
用一发蓄力炮击败至少5个敌人,1.0,5,,,enemy5,,,
参观石头关的全部3个隐藏房间,1.0,5,,,stoneman,,,
用不蓄力P弹击败重力关的每一个敌人,1.0,5,,,,,,除了大摆锤
击败一个导弹,1.0,5,,,enemy5,,5-mizzile.png,"<img src=""img/5-mizzile.png"">
Star, Napalm"
在两个不同的关卡击败一个投弹手（或投石手）,1.0,5,,,,,5-bombthrown.png,"<img src=""img/5-bombthrown.png"">
Napalm, Stone, Charge"
在两个不同的关卡击败一个老鼠,1.0,5,,,catandmouse2,,5-mousubeil.png,"<img src=""img/5-mousubeil.png"">
Stone, Crystal, Charge, Wily 2"
用任意特武击败一个大脚,1.0,5,,,enemy5,,5-dachone.png,"<img src=""img/5-dachone.png"">"
用一发石头的全部3块飞石全中一个老虎,1.0,5,,,enemy5,,5-sumatran.png,"<img src=""img/5-sumatran.png"">"
在旋翼关使用飞箭飞越下落砖块区域,1.0,5,,,,,,
在水晶关第一个版面上让全部4个分头行动的头落入洞中,1.0,5,,,,,,"<img src=""img/5-pukapuckerheads.gif"">
4个不同的个体——拖屏刷出来的只能算同一个"
从石头boss门返回到存档点房间的开头,1.0,5,,,,,,
从火车鸡版面最后的梯子返回版面开头,1.0,5,,,,,,
收集任意一个字母,1.0,5,,,letters,,,
收集并持有2个字母,1.0,5,,,letters,,,
收集3个字母,1.0,5,,,letters,,,中途可以重启
用一发波浪击败3个敌人或子弹,1.0,5,,,,,,
通过落块让跳狗在空中悬浮，然后弹跳一下且平安落地,1.0,5,,,,,5-gyroblockscoil.gif,"<img src=""img/5-gyroblockscoil.gif"">"
用P弹连续摧毁一个投弹机掉落的全部3枚炸弹,1.0,5,,,,,5-rembakun.png,"<img src=""img/5-rembakun.png"">"
禁滑铲禁蓄力抵达火车Boss门,1.0,5,,,"chargeman, noslide5, mousubeil",,,
在石头关存档点聚集全部13个双翼飞行器并用1发蓄力炮摧毁它们,1.0,5,,,"stonepacifist, escortquest5",,5-lyric.png,"<img src=""img/5-lyric.png"">"
在波浪人的关卡上乘坐一个小泡泡上升一屏,1.0,5,,,,,,
使用M罐将一个摆锤变成1up,1.0,5,,,mtank5,,5-teckyun.gif,"<img src=""img/5-teckyun.gif"">
需要血和所有武器能量全满"
对躲进云里的旋翼人造成伤害,1.0,5,,,,,,
让榴弹关的超人站在尖刺上,1.0,5,,,,,,"<img src=""img/5-powermuscler.png"">
"
让一个掉落物卡在墙内,1.0,5,,,,,,需要引一个敌人到墙里击杀
在星星关乘坐飞狗穿越陨石雨，保持不跳跃和不掉下去,1.0,5,,,,,,
不用星星盾的情况下无伤躲避水晶人一轮完整的分裂水晶攻击,1.0,5,,,,,,
用星星盾抵挡一次Boss的子弹,1.0,5,,,,,,
从布鲁斯城堡1投弹机房间的末端返回到起始点,1.0,5,,,,"<img src=""img/mm5-pw.png"">",mm5-pw.png,"<img src=""img/5-rembakun.png"">
需要跑回去，不能通过死亡复活的方式返回"
在前八关击败每种型号的乔,2.0,5,,,"sniperjoe5, napalmpacifist, crystalpacifist, wavepacifist",,5-sniperjoes.png,"<img src=""img/5-sniperjoes.png"">
Crystal, Napalm, Wave"
击败前八关所有的老鼠,2.0,5,,,"catandmouse2, mousubeil",,5-mousubeil.png,"<img src=""img/5-mousubeil.png"">
Stone, Crystal, and Charge"
使用榴弹击败一个猩猩,2.0,5,,,,,5-yudon.png,"<img src=""img/5-yudon.png"">
Charge, Napalm."
在空中站在跳狗上时对任意机器人Boss造成最后一击,2.0,5,,,,,5-coilbossdefeat.gif,"<img src=""img/5-coilbossdefeat.gif"">
空中站在跳狗上攻击，落地之前击杀Boss
视频是正确和错误的两个示范"
全程装备旋翼武器，抵达前八任意关底Boss门（波浪人除外）,2.0,5,,,,,,
全程装备榴弹武器，抵达火车人Boss门,2.0,5,,,chargeman,,,
完成波浪人关卡的船部分（和平主义）,2.0,5,,,,,,只能击杀小Boss
收集并持有任意3个字母,2.0,5,,,letters,,,
收集4个字母,2.0,5,,,letters,,,允许中途重启
收集并持有3个E罐,2.0,5,,,,,,
用波浪击败重力人,2.0,5,,,gravity,,,可以补刀
抵达重力人Boss门（和平主义）,2.0,5,,,"pacifist5, gravitypacifist",,,
全程装备飞箭完成星星人关卡,2.0,5,,,,,,
用Water Wave给Gravity Man最后一击,2.0,5,,0.0,,,,
在旋翼关卡中，从掉落砖块后方的平台返回到第一个电梯的位置,2.0,5,,,,,,可能需要飞箭或飞狗来穿越掉落平台
用M罐摧毁一个齿轮,2.0,5,,,mtank5,,,"<img src=""img/Mm5cogsprite.png"">
Gyro, Wave, Dark 1, Dark 2, Wily 1, Wily 2"
拾取M罐并在另一关卡让至少5个敌人转化成1UP,2.0,5,,,mtank5,,,
在两个不同的关卡各收集一个M罐,2.0,5,,,,,,"M罐存在于以下关卡：
Crystal, Dark 2, Wily 1, Wily 2, Wily 3
如果你携带有M罐，那你在进入另一个有M罐的房间之前必须先把它用掉，否则那个M罐不会出现"
在重力人关卡中，让超人站在尖刺上,2.0,5,,,,,5-powermusclerspikes.png,"<img src=""img/5-powermusclerspikes.png"">"
在星星人关卡中，用两发蓄力炮击败所有宇航员安全帽,2.0,5,,,,,,共两批宇航员安全帽，分别在存档点和大血房间
清理石头人关卡的所有敌人,2.0,5,,,stonepacifist2,,,"不要漏掉了M罐房间的两只
逃跑的敌人可以通过拖屏刷出来重新打"
站在一支全速飞行的飞箭上时用另一支飞箭击败一个敌人,2.0,5,,,,,5-arrowarrow.gif,"<img src=""img/5-arrowarrow.gif"">
可能需要贴脸射击"
使用M罐将超人变成1up,2.0,5,,,mtank5,,5-powermuscler.png,"<img src=""img/5-powermuscler.png"">
需要在血量和所有武器能量全满的情况下使用M罐"
在旋翼人关卡每个有前景云的版面完全隐藏在云后,2.0,5,,,,,,需要飞箭来完成刺电梯房间顶部的云
在布鲁斯城堡1和2收集所有放置的拾取品,2.0,5,,,,"<img src=""img/mm5-pw.png"">",mm5-pw.png,
在布鲁斯城堡1和2清理所有敌人,2.0,5,,,castle5,"<img src=""img/mm5-pw.png"">",mm5-pw.png,"包括<img src=""img/Mm5cogsprite.png"">，需要比特鸟才能造成伤害。"
仅用水晶+榴弹击败布鲁斯城堡2Boss,2.0,5,,,dark2boss,"<img src=""img/mm5-pw.png"">",mm5-pw.png,
在前八任意一关全程召唤比特且不耗尽能量（波浪人除外）,2.0,5,,,,"<img src=""img/mm5-beatonly-pw.png"">",mm5-beatonly-pw.png,"需要在进入每个版面之后马上召唤比特
在比特碰到敌人之前抢先击败敌人可以避免消耗能量
字母可以补充比特的能量
允许使用一次M罐"
抵达石头人关卡Boss门（和平主义）,3.0,5,,,"stonepacifist, stonepacifist2, pacifist5, mousubeil",,,"允许破坏墙壁
但不允许破坏敌人发射的子弹"
只用非蓄力P弹击败火车人,3.0,5,,,,,,
击败前八关中的每一个水晶乔、直升机乔和骑手乔,3.0,5,,,"sniperjoe5, crystalpacifist, napalmpacifist, wavepacifist",,5-sniperjoes.png,"<img src=""img/5-sniperjoes.png"">
Crystal, Napalm, Wave"
击败安全帽妈妈，然后用三种特武分别击败三个宝宝,3.0,5,,,3differentspecial,,,"<img src=""img/Mm5fissionmetsprite.png"">"
仅用水晶通关任意一个前八（波浪/榴弹除外）,3.0,5,,,,,,"不允许跳过Boss
可能需要M罐"
仅用石头通关任意一个前八（波浪/火车除外）,3.0,5,,,,,,"不允许跳过Boss
可能需要M罐"
仅用特武击败旋翼人（除了重力）,3.0,5,,,,,,"可以切换多个特武
但不能用P弹和重力"
抵达榴弹人的Boss门（和平主义）,3.0,5,,,"pacifist5, napalmpacifist",,,"允许击败两个秒杀钻头
不能破坏敌人发射的子弹"
抵达火车人的Boss门（和平主义）,3.0,5,,,"pacifist5, mousubeil",,,不能破坏敌人发射的子弹
收集并持有4个字母,3.0,5,,,letters,,,
收集5个字母,3.0,5,,,letters,,,允许中途重启
从第三个盾牌飞行器的位置回到掉落水晶房间的开头,3.0,5,,,,,,
收集放置在前八关的所有1up,3.0,5,,,,,,"Gyro (1), Gravity (1), Napalm (1), Stone (1), Wave (1)"
全程装备星星武器，抵达前八任意关底Boss门（波浪关除外）,3.0,5,,,,,,
使用石头或水晶对任意Boss造成双重打击,3.0,5,,,,,,一发攻击命中两次
仅用反弹的水晶击败重力人,3.0,5,,,gravity,,,
全程装备火车武器，抵达前八任意关底Boss门（波浪关除外）,3.0,5,,,chargekick,,,不包括Boss
将榴弹关的两个直升机乔从梯子带回洞穴房间的开头,3.0,5,,,,,,
击败前八关所有的超人,3.0,5,,,"napalmpacifist, crystalpacifist, gravitypacifist",,5-powermuscler.png,"<img src=""img/5-powermuscler.png"">
Gravity, Gyro, Crystal, Napalm."
抵达布鲁斯城堡1的Boss门（和平主义）,3.0,5,,,"dark1pacifist, dark1boss",,,
在布鲁斯城堡2，集合全部9个绿蛋，用一发蓄力炮摧毁它们,3.0,5,,,"escortquest5, dark2pacifist, 9pukapellys","<img src=""img/mm5.png"">","mm5.png, 5-pukapelly.png","<img src=""img/5-pukapelly.png"">"
仅用特武，清理布鲁斯城堡3所有敌人，包括Boss,3.0,5,,,dark3boss,"<img src=""img/mm5.png"">",mm5-pw.png,
从布鲁斯城堡3的终点房间回到关卡开头,3.0,5,,,,"<img src=""img/mm5.png"">",mm5-pw.png,"必须从右边的梯子返回到第一个版面，且不能去世
在第一个旋转平台的房间可以触发向左切屏"
仅用比特击败布鲁斯城堡1和3的Boss,3.0,5,,,"dark1boss, dark3boss2","<img src=""img/mm5.png"">",mm5-pw.png,
无伤完成波浪人关卡的船部分（和平主义）,4.0,5,,,wavepacifist,,,"只能打小Boss
不能用bug跳过乘船"
收集全部8个字母,4.0,5,,,letters,,,允许中途重启
收集全部8个字母并召唤比特,4.0,5,,,,,,
不用飞狗和飞箭，往返穿过旋翼关坠落砖块区域,4.0,5,,,,,,"需要在一条命完成
需要跳狗"
一命且不补血的情况下抵达星星人Boss门（和平主义）,4.0,5,,,,,5-bbitterslide.gif,"<img src=""img5-bbitterslide.gif“>
允许使用复活点"
抵达水晶人Boss门（和平主义）,4.0,5,,,"pacifist5, mousubeil, crystalpacifist",,,不允许用bug直接跳到boss门口
仅用火车滑铲击败星星人,4.0,5,,,chargekickboss,,,可能需要M罐
仅用火车滑铲击败波浪人以外的任意一个Boss,4.0,5,,,"chargekick,chagekickboss",,,可能需要M罐
从威利城堡2水域最后的梯子回到开头,4.0,5,,,,"<img src=""img/mm5.png"">",mm5-pw.png,
在三轮内拆完布鲁斯城堡4的塔楼,4.0,5,,,,"<img src=""img/mm5.png"">",mm5-pw.png,需要飞箭到高处开始拆
仅用星星击败布鲁斯城堡4Boss,4.0,5,,,dark4boss,"<img src=""img/mm5.png"">",mm5-pw.png,
仅用石头击败布鲁斯城堡4Boss（禁暂停）,4.0,5,,,dark4boss,"<img src=""img/mm5.png"">",mm5-pw.png,
"和平主义完成任意两个城堡关卡（不包括布鲁斯4, 威利3, 威利4）",4.0,5,,,"castle5a, castle5b","<img src=""img/mm5.png"">",mm5-pw.png,
在威利城堡1和2中击败所有敌人,4.0,5,,,castle5a,"<img src=""img/mm5.png"">",mm5-pw.png,"允许敌人自爆，但不允许敌人逃跑
逃跑的敌人需要拖屏重新刷出来
包括<img src=""img/Mm5cogsprite.png"">，需要比特鸟才能造成伤害。"
抵达布鲁斯城堡2的Boss门（和平主义）,4.0,5,,,"dark2pacifist, dark2boss, castle5b",,,
"在布鲁斯城堡1, 2和3中清理所有敌人",4.0,5,,,castle5b,"<img src=""img/mm5.png"">",mm5-pw.png,"允许敌人自爆，但不允许敌人逃跑
逃跑的敌人需要拖屏重新刷出来
包括<img src=""img/Mm5cogsprite.png"">，需要比特鸟才能造成伤害"
仅用石头击败Q9,4.0,5,,,q9,"<img src=""img/mm5.png"">",mm5-pw.png,"<img src=""img/Mm5circlingq9sprite.png"">"
收集并使用洛克人5中的所有M罐,4.0,5,,,,"<img src=""img/mm5.png"">",mm5-pw.png,"Crystal, Stone, Dark 2, Wily 1, Wily 2, Wily 3.
身上的M罐必须用掉后，新的M罐才会在另一版面出现"
仅用比特击败一个机器人Boss,4.0,5,,,,"<img src=""img/mm5-beatonly-pw.png"">",mm5-beatonly-pw.png,需要M罐
从威利城堡1压饼机的起点回到长尖刺坑底部,4.0,5,,,,"<img src=""img/mm5.png"">",mm5-pw.png,"不要进入压饼机房间，不然无法返回
不需要碰到尖刺"
仅使用未蓄力P弹且禁方向键击败大叠叠乐,4.0,5,,,bigpets,"<img src=""img/mm5.png"">",mm5-pw.png,"<img src=""img/Mm5towerrobotsprite.png"">"
通关星星人关卡,1.0,5,,,,,,
通关重力人关卡,1.0,5,,,,,,
通关旋翼人关卡,1.0,5,,,,,,
通关水晶人关卡,1.0,5,,,,,,
通关榴弹人关卡,1.0,5,,,,,,
通关石头人关卡,1.0,5,,,stoneman,,,
通关火车人关卡,1.0,5,,,chargeman,,,
通关波浪人关卡,1.0,5,,,,,,
通关布鲁斯城堡1,1.0,5,,,"darkmanstages, dark1boss","<img src=""img/mm5.png"">",mm5-pw.png,
通关布鲁斯城堡2,2.0,5,,,"darkmanstages, dark2boss","<img src=""img/mm5.png"">",mm5-pw.png,
通关布鲁斯城堡3,2.0,5,,,"darkmanstages, dark3boss, dark3boss2","<img src=""img/mm5.png"">",mm5-pw.png,
通关布鲁斯城堡4,3.0,5,,,"darkmanstages, dark4boss","<img src=""img/mm5.png"">",mm5-pw.png,
通关威利城堡1,3.0,5,,,bigpets,"<img src=""img/mm5.png"">",mm5-pw.png,
通关威利城堡2,4.0,5,,,q9,"<img src=""img/mm5.png"">",mm5-pw.png,
在大和人关卡中击败青蛙骑士,1.0,6,,,gamarn,,6-gamarn.png,"<img src=""img/6-gamarn.png"">"
通过反弹炸弹来击败青蛙骑士,1.0,6,,,gamarn,,6-gamarn.png,"<img src=""img/6-gamarn.png"">"
用拳头打击一个冰壶，使其撞到另一个冰壶,1.0,6,,,pow,,6-curlinger.png,"<img src=""img/6-curlinger.png"">"
用拳头打击一个Molier，使它向后飞出去,1.0,6,,,pow,,6-molier.png,"<img src=""img/6-molier.png"">
Knight, Tomahawk, Mr. X-2"
获取能量均衡器,1.0,6,,,,,,
用一发人马闪光击败5个敌人,1.0,6,,,,,,
用植物盾给任意一个小Boss最后一击,1.0,6,,,,,,"<img src=""img/6-miniboss.gif"">"
使用矛从正面击败一个盾牌飞行器,1.0,6,,,,,6-shieldattackergtr.png,"<img src=""img/6-shieldattackergtr.png"">"
切换一个关卡的调色板,1.0,6,,,,,,"以下关卡击败Boss后会切换调色板：
Tomahawk, Yamato, Knight, Centaur"
在风人关卡中击败所有大熊猫,1.0,6,,,,,6-pandeeta.png,"<img src=""img/6-pandeeta.png"">"
击败两个位于不同关卡的食人鱼,1.0,6,,,,,6-gabgyo.png,"<img src=""img/6-gabgyo.png"">
游泳和跳跃的版本都可以
Plant, Centaur, Yamato, Wily 3"
使用暴风雪击败愤怒头,1.0,6,,,,,6-brainbreak.png,"<img src=""img/6-brainbreak.png"">
Knight, Wily 2"
击败扫地机器人,1.0,6,,,,,6-cybergabyoall.png,"<img src=""img/6-cybergabyoall.png"">
可以用暴风雪和拳头造成伤害"
从背后给猩猩坦克最后一击,1.0,6,,,,,6-gorillatank.png,"<img src=""img/6-gorillatank.png"">"
在不射击狸猫炮弹的情况下收集其掉落物,1.0,6,,,,,6-shigaraky.png,"<img src=""img/6-shigaraky.png"">
要耐心"
击败一个鱿鱼,1.0,6,,,squidon,,6-squidon.png,"<img src=""img/6-squidon.png"">"
用风将鱿鱼送入太空,1.0,6,,,"squidon, wind storm",,6-squidon.png,"<img src=""img/6-squidon.png"">"
用风将一只食人鱼送入太空,1.0,6,,,wind storm,,6-gabgyo.png,"<img src=""img/6-gabgyo.png"">"
将所有位于战斧关存档点的骷髅引导至最后的凹房间,1.0,6,,,,,,"<img src=""img/Mm6skullwalkersprite.png"">"
击败两个位于不同关卡的爆米花机,1.0,6,,,,,6-pooker.png,"<img src=""img/6-pooker.png"">"
站在安全帽售货机的顶部,1.0,6,,,6jet,,6-metallpotton.png,"<img src=""img/6-metallpotton.png"">
需要飞甲"
从风关第一个带坑的房间尾部返回到关卡起点,1.0,6,,,,,,
从暴雪潜艇第一颗炸弹之后的位置返回到潜艇前部,1.0,6,,,,,,触碰房间的左边缘
在骑士关唤醒所有的瓮中敌人且不击败它们,1.0,6,,,,,6-brown.png,"<img src=""img/6-brown.png"">"
在大和关击败两个武士,1.0,6,,,,,6-benk.png,"<img src=""img/6-benk.png"">"
用火焰的尾焰击败一个敌人,1.0,6,,,,,,先把火焰放到地面或墙上，再让敌人碰到
用骑士锤球的返程攻击击败一个敌人,1.0,6,,,boomerangreturning,,,
连续击败6条从同一个大嘴鸭出来的鱼，不让任何一条触地,1.0,6,,,pelicanu,,6-pelicanu.png,"<img src=""img/6-pelicanu.png"">
当然也不能触水"
引爆暴雪关的每一个定时炸弹,1.0,6,,,blizzardbombs,,,必须亲眼看到它们炸掉
仅用P弹禁蓄力禁滑铲抵达战斧人Boss门,1.0,6,,,"noslide6, tomahawkbusteronly",,,"这个任务允许使用飞行
且飞甲子弹也视为P弹"
击败任意两种不同的小Boss,1.0,6,,,miniboss6,,6-miniboss.gif,"<img src=""img/6-miniboss.gif"">"
仅使用不蓄力P弹击败任意Boss,1.0,6,,,uncharged6,,,飞甲子弹也视为P弹
仅使用不蓄力P弹击败风人,1.0,6,,,uncharged6,,,飞甲子弹也视为P弹
仅使用不蓄力P弹击败火焰人,1.0,6,,,uncharged6,,,飞甲子弹也视为P弹
仅使用不蓄力P弹击败大和人,1.0,6,,,"uncharged6, yamato",,,飞甲子弹也视为P弹
仅使用不蓄力P弹击败骑士人,1.0,6,,,uncharged6,,,飞甲子弹也视为P弹
仅使用不蓄力P弹击败人马人,1.0,6,,,uncharged6,,,飞甲子弹也视为P弹
在植物关踩遍每一个弹簧,1.0,6,,,,,,
击败暴雪关的每一个敌人,1.0,6,,,blizzardpacifist,,,
在火焰和人马两个关卡中击败每一个挂壁炮塔,1.0,6,,,flamepacifist,,multi-wallblasters.png,"<img src=""img/multi-wallblasters.png"">"
引导一个愤怒头到梯子旁，让它跳进洞里,1.0,6,,,"brainbreak, knightpacifist",,6-brainbreak.png,"<img src=""img/6-brainbreak.png"">"
激怒一个愤怒头，让它在不接触梯子的情况下自己爆炸,1.0,6,,,"brainbreak, knightpacifist3",,,"<img src=""img/6-brainbreak.png"">"
引导一个蹦蹦到人马水天花板房间的左侧边缘,1.0,6,,,chokeroh,,,"他们会跳过从一定距离发射的子弹
仅从他们身下掠过的子弹"
在两个不同的关卡中，当处于无敌时间内用头撞到尖刺上,1.0,6,,,,,,"在以下关卡可行：
Wind, Blizzard, Plant, Yamato, Knight, Centaur"
在火焰关碰到尖刺并存活下来,1.0,6,,,bonkspikes6,,,
让骑士人笔直向上扔一个锤球,1.0,6,,,knightman,,,
完成每一个天花板或地板会上下移动的部分,2.0,6,,,movingceilings,,,"Blizzard (潜艇), Centaur (水天花板), Knight (刺天花板)"
收集任意一个字母,2.0,6,,,,,,
击败前八关所有的压饼机器人,2.0,6,,,,,6-powerslam.png,"<img src=""img/6-powerslam.png"">
Plant (1), Tomahawk (1), Wind (1)"
无伤击败大和人,2.0,6,,,,,,不可能任务……
用特殊武器打开一个平台,2.0,6,,,,,6-plantform.png,"<img src=""img/6-plantform.png"">
Blizzard, Yamato, Tomahawk, Plant"
无伤完成人马关第一个版面（和平主义）,2.0,6,,,,,,
在暴雪关摧毁所有可破坏物,2.0,6,,,"blizzard, blizzardbombs",,6-blizzardbreakables.png,"<img src=""img/6-blizzardbreakables.png"">
易碎砖块, 冰墙, 定时炸弹.
必须见证定时炸弹爆炸"
不死且不补血抵达暴雪人Boss门（和平主义）,2.0,6,,,"blizzard, blizzardpacifist",,,
在火焰关第一个版面点燃所有油坑,2.0,6,,,flame,,,需要飞甲
仅用力甲或仅用飞甲完成前八任意关卡（包括Boss）,2.0,6,,,jetpowonly,,,二选一，而不是两者都用
仅用力甲完成前八任意一关（包括Boss）,2.0,6,,,jetpowonly,,,
仅用飞甲完成前八任意一关（包括Boss）,2.0,6,,,jetpowonly,,,
仅用飞甲击败任意机器人Boss,2.0,6,,,jetpowonly,,,
从火焰人Boss门口返回到关卡开头,2.0,6,,,,,,需要飞甲
抵达火焰人Boss门（和平主义）,2.0,6,,,flamepacifist,,,"需要飞甲
不能攻击这个<img src=""img/6-pooker.png"">"
抵达风人Boss门（和平主义）,2.0,6,,,pacifist6,,,
收集并持有3个E罐,2.0,6,,,etank6,,,"Flame (1), Knight (1, 艾迪), Tomahawk (2, 艾迪), Yamato (1), Plant (艾迪), Blizzard (2), Wind (1), Centaur (艾迪)"
在人马关第一面让最后一只大嘴鸭把鱼丢进在最左侧的水坑中,2.0,6,,,pelicanu,,6-pelicanu.png,"<img src=""img/6-pelicanu.png"">"
使用拳头连续三次阻止大和人拾取他的矛,2.0,6,,,,,,满蓄拳击会让他短暂停顿
在尖刺上完成一次完整的滑铲并活着回到地面,2.0,6,,,,,,
在《洛克人6》中击败每种炮塔各一次,2.0,6,,,,,6-turrets.png,"<img src=""img/6-turrets.png"">
Wind, Flame, Centuar, Plant, Yamato, Knight"
使用能量均衡器将任意一个特武从零开始全部填满,2.0,6,,,fullrefill,,,所有能量都必须通过P弹或装甲状态拾取能量补给
在风扇上悬浮时，从每个飞行炮台射击6个炮弹,2.0,6,,,,,,"总共3个不同的飞行炮台，从每个炮台那里分别完成累计6发炮弹即可
不需要一次性连续完成，可以分开多次尝试累计"
用任意特武一枪摧毁4个骷髅,2.0,6,,,"tomahawkpacifist, tomahawkbusteronly",,6-skullwalker.png,"<img src=""img/Mm6skullwalkersprite.png"">
可选武器：锤球，战斧，闪光，火焰
在战斧关卡或X2关卡可以做到"
让蹦蹦跳过一个无底洞，然后再跳进去,2.0,6,,,chokeroh,,6-chokeroh.png,"<img src=""img/6-chokeroh.png"">
必须先让它越过一个坑并着陆，再让它跳入坑中"
在三个不同的关卡中，处于无敌时间内用头撞到尖刺上,2.0,6,,,bonkspikes6,,,"以下关卡可以做到：
Wind, Blizzard, Plant, Yamato, Knight, Centaur"
仅用未蓄力P弹击败暴雪人,2.0,6,,,uncharged6,,,
使用不同的特武分别击败X1的每个飞行炮台,2.0,6,,,x1,"<img src=""img/mm6.png"">","mm6.png, 6-cannonpeller.png","<img src=""img/6-cannonpeller.png"">
共8个"
收集并持有两个字母,3.0,6,,,,,,
仅用风以外的任意两种特武击败火焰人,3.0,6,,,"flame2, 2spec6",,,需要两种特武
仅用植物以外的任意两种特武击败战斧人,3.0,6,,,"tomahawk, 2spec6",,,需要两种特武
仅用矛以外的任意两种特武击败骑士人,3.0,6,,,"knight, 2spec6",,,需要两种特武
仅用战斧以外的任意两种特武击败大和人,3.0,6,,,"yamato, 2spec6",,,需要两种特武
触摸骑士关最后房间的每一个弹簧,3.0,6,,,knightpacifist2,,6-bumper.png,"<img src=""img/6-bumper.png"">
建议用暴雪或拳头干掉扫地机器人
飞甲很有用，但不是必要的"
收集并持有4个E罐,3.0,6,,,etank6,,,"Flame (1), Knight (1, 艾迪), Tomahawk (2, 艾迪), Yamato (1), Plant (艾迪), Blizzard (2), Wind (1), Centaur (艾迪)"
仅用未蓄力P弹击败战斧人（禁E罐）,3.0,6,,,tomahawk,,,
击败任意一个敌人，但是需要先用3种不同特武攻击它,3.0,6,,,3differentspecial,,,这个任务Boss也算
全收集植物人关卡,3.0,6,,,,,,需要飞甲和力甲
抵达植物人Boss门（和平主义）,3.0,6,,,plant,,,"允许打开浮空平台
允许击败小Boss
可以二次进入该关卡（为了飞甲）"
带领4只飞行摄像头到暴雪关开头（和平主义）,3.0,6,,,"escortquest6, escortquesthard",,6-propellereyeblizz.png,"<img src=""img/6-propellereyeblizz.png"">
要求拖屏到最左边，且此时让4只同屏"
不死且不补血抵达骑士人Boss门（和平主义）,3.0,6,,,"pacifist6, knightpacifist, knightpacifist2, knightpacifist3",,,"也不许磕E罐！
提示: 为了避免吃到最后一面的小血包，可以从第一个悬崖走下去并且按住右"
不死且不补血抵达风人Boss门（和平主义）,3.0,6,,,pacifist6,,,也不许磕E罐！
敲开三个在不同关卡中的易碎砖块,3.0,6,,,,,,
击败前八关所有小Boss,3.0,6,,,miniboss6,,6-miniboss.gif,"<img src=""img/6-miniboss.gif"">
Yamato, Plant (2), Tomahawk (2)"
站在前八关的每种类型的浮动平台上,3.0,6,,,,,6-platforms.png,"<img src=""img/6-platforms.png"">
刺平台和火箭平台出现在战斧关的岔路中，可以通过飞甲到达"
从X2第一面的最后一个安全帽那里带领一颗子弹回到起点,3.0,6,,,escortquest6,"<img src=""img/mm6-pw.png"">",mm6-pw.png,
用一发人马闪光消灭威利2骷髅面的所有敌人,3.0,6,,,,"<img src=""img/mm6-pw.png"">",mm6-pw.png,"包括：
4个<img src=""img/Mm6skullwalkersprite.png"">
3个<img src=""img/Mm6staplercoptersprite.png"">"
将火罐头从X3的第一个摆动房间的末尾带回到开头,3.0,6,,,"firetelly, escortquest6","<img src=""img/mm6-pw.png"">",mm6-pw.png,"<img src=""img/Mm6firetellysprite.png"">"
将火罐头从X3的最后一个房间的末尾带回到开头,3.0,6,,,"firetelly, escortquest6","<img src=""img/mm6-pw.png"">",mm6-pw.png,"<img src=""img/Mm6firetellysprite.png"">"
摧毁X3和X4所有POW和X块,3.0,6,,,,"<img src=""img/mm6-pw.png"">",mm6-pw.png,X4的上路也有一块！
用比特鸟击败匹特鸟,3.0,6,,,,"<img src=""img/mm6-pw.png"">","6-peat.png, mm6-pw.png","<img src=""img/6-peat.png"">
X4关卡出现的愤怒的小鸟"
收集全部4个字母并召唤比特,4.0,6,,,,,,
收集并同时持有6个E罐,4.0,6,,,"etank6, powerpistonadapter",,,"Flame (1), Knight (1, 艾迪), Tomahawk (2, 艾迪), Yamato (1), Plant (艾迪), Blizzard (2), Wind (1), Centaur (艾迪).
城堡共有7个, 另外还有W4的艾迪."
击败任意一个机器人Boss两次,4.0,6,,,robotwice,,,"可以在前八或BR完成
需要在击败持有字母的Boss之前先击败那个“假”的版本"
不点燃任何油坑的情况下进入火焰人Boss门,4.0,6,,,flame,,,"备注: 油坑在续关前不会熄灭!
没有闪光的话风险比较大"
不死且不补血抵达人马人Boss门（和平主义）,4.0,6,,,pacifist6,,,也不许磕E罐！
摧毁前八关所有易碎砖块,4.0,6,,,,,,"Wind (1), Flame (1), Blizzard (5), Plant (2), Tomahawk (5), Yamato (3), Knight (4)"
从植物人Boss门口返回到弹簧房间的起点,4.0,6,,,plant,,,需要飞甲或极其精确的跳跃
同时将每一个蹦蹦带到人马关尖刺坑右侧,4.0,6,,0.0,"chokeroh, escortquest6, escortquesthard",,6-3chokerohs.png,"<img src=""img/6-3chokerohs.png"">
推荐备个E罐，但不是必要的"
不使用飞甲抵达X4的Boss门（和平主义）,4.0,6,,,,"<img src=""img/mm6-pw.png"">",mm6-pw.png,
飞越X摆球并且无伤落地,4.0,6,,,,"<img src=""img/mm6-pw.png"">",mm6-pw.png,X4 Boss
击败威利1的每一个敌人,4.0,6,,,,"<img src=""img/mm6-pw.png"">",mm6-pw.png,速通路线不适用，因为有一个怪在易碎砖块房间
仅通过反弹平台击败大龙,4.0,6,,,,"<img src=""img/mm6-pw.png"">",mm6-pw.png,
全程装备飞甲完成X1（和平主义）,4.0,6,,,x1,"<img src=""img/mm6-pw.png"">",mm6-pw.png,这个任务要求对飞甲的油门机制有一定理解
仅使用力甲或飞甲击败震楼器,4.0,6,,,powerpistonadapter,"<img src=""img/mm6-pw.png"">",mm6-pw.png,"<img src=""img/Mm6powerpistonsprite.png"">
推荐准备E罐"
不使用飞甲从威利3炮塔房间返回关卡起点（和平主义）,4.0,6,,,,"<img src=""img/mm6-pw.png"">",mm6-pw.png,
全程装备长矛完成威利2,4.0,6,,,,"<img src=""img/mm6-pw.png"">",mm6-pw.png,
和平主义完成任意3个城堡关卡,4.0,6,,,,"<img src=""img/mm6-pw.png"">",mm6-pw.png,允许摧毁易碎砖块
让威利2上路的6个愤怒头追逐你到起点的梯子,4.0,6,,,brainbreakw2,"<img src=""img/mm6-pw.png"">",mm6-pw.png,"<img src=""img/6-brainbreak.png"">
需要走上路
必须让6个同屏"
让愤怒头跳进威利2最后房间的每一个洞,4.0,6,,,brainbreakw2,"<img src=""img/mm6-pw.png"">",mm6-pw.png,"<img src=""img/6-brainbreak.png"">"
用飞甲对付4个Boss并用力甲对付另外4个Boss完成BR,4.0,6,,,,"<img src=""img/mm6-pw.png"">",mm6-pw.png,
仅用战斧以外的多种特武完成威利4,4.0,6,,,,"<img src=""img/mm6-pw.png"">",mm6-pw.png,"不包括P弹
能量管理很重要"
通关风人关卡,1.0,6,,,,,,
通关火焰人关卡,1.0,6,,,,,,
通关暴雪人关卡,1.0,6,,,,,,
通关植物人关卡,1.0,6,,,,,,
通关战斧人关卡,1.0,6,,,,,,
通关大和人关卡,1.0,6,,,,,,
通关骑士人关卡,1.0,6,,,knightman,,,
通关人马人关卡,1.0,6,,,,,,
通关X城堡1,1.0,6,,,rounderii,"<img src=""img/mm6-pw.png"">",mm6-pw.png,
通关X城堡2,2.0,6,,,powerpiston,"<img src=""img/mm6-pw.png"">",mm6-pw.png,
通关X城堡3,2.0,6,,,metongerz,"<img src=""img/mm6-pw.png"">",mm6-pw.png,
通关X城堡4,3.0,6,,,xcrusher,"<img src=""img/mm6-pw.png"">",mm6-pw.png,
通关威利城堡1,3.0,6,,,mechazaurus,"<img src=""img/mm6-pw.png"">",mm6-pw.png,
通关威利城堡2,4.0,6,,,,"<img src=""img/mm6-pw.png"">",mm6-pw.png,
通关一层混沌回忆（≥第7层）,1,HSR,,,,,,
通关一层末日幻影（≥第3层）,1,HSR,,,,,,
无伤完成一次镇妖塔挑战,1,HSR,,,,,,绥园捉鬼活动
以太战线表演赛击败银狼,1,HSR,,,,,,如果有人刷新表演赛刷不出银狼，那运气也太差了（）
在评书奇谭任意一折获得≥80000分,1,HSR,,,,,,
培育三个不同种类的稀有猫猫糕,1,HSR,,,,,,
转晕黑塔,1,HSR,,,,,,"即一次转≥8圈，触发黑塔的特殊语音“额啊~”
需要在黑塔触发转圈前清空场上所有的怪，此时黑塔会把圈数存起来
但换波次又会清空黑塔圈数，所以需要一个类似虚构叙事的持续刷怪场景，当然虚构叙事本身就是最好的场景
黑塔把怪全部转死也会停止转圈，所以需要压低黑塔的伤害"
一次引爆5只虫子且位于中心的虫子最先爆炸,1,HSR,,,,,,
使雪衣被动溢出6层,1,HSR,,,,,,
三月七独自完成一次满星抓猪,1,HSR,,,,,,"不借助其他角色的能力
可用游戏机"
不逃课完成一次满星躲激光,1,HSR,,,,,,"不能站在安定点不动
可用游戏机"
让一个敌人同时进入纠缠和禁锢状态,1,HSR,,,,,,
在与萨缪尔女士折纸小鸟对局中消除≥400个水果,1,HSR,,,,,,以对局结束后的结算界面上的统计为准
在大世界累计击败9只小怪,1,HSR,,,,,,"进入战斗有几个敌人就算几只怪
黄泉秘技斩杀只算1只"
在大世界连续躲避一个近战敌人10次攻击,1,HSR,,,,,,
累计与8个垃圾桶交互,1,HSR,,,,,,
在白日梦酒店房间内的电视机上观看知更鸟小姐的广告,1,HSR,,,,,,
打赢一场贝洛伯格拳击赛,1,HSR,,,,,,
演武仪典梦境训练对阵史瓦罗时叠≥30层蓄势,1,HSR,,,,,,
从“断狱轮钥”传送点出发，离开幽囚狱（不能TP）,1,HSR,,,,,,呼雷模拟器（
用火主完成对周本可可莉亚的最后一击,1,HSR,,,,,,"允许火主攻击触发别人的附带伤害来击败可可莉亚（非追加攻击）
但可可莉亚自己回合被火主dot跳死不算"
使一个角色10连动,1,HSR,,,,,,"回合、额外回合、施放终结技都被视为一动
即能够触发巡猎祝福“流岚追孽物”的连续行动判定"
让我方4名角色的大招同时显示×,1,HSR,,,,,,
击败一个≥1000%增伤的王下一桶,1,HSR,,,,,,
在仙舟6上半给承露天人同时挂6个来自金鱼的减防,1,HSR,,,,,,
击败一个（错误）敌人,1,HSR,,,,,,
让小三月领悟所有的进阶剑法,2,HSR,,,,,,"初花习剑录
需求全属性≥500"
展开1个方程或解锁命途回响,2,HSR,,,,,,
单次攻击造成至少300万伤害,2,HSR,,,,,,以右侧“总伤害”数字为准
在模拟宇宙的事件UI中看到“阿哈”二字,2,HSR,,0.0,,,,"包括：
事件 - 阿哈玩偶
遭遇 - 酒馆"
遇见一个（其二）或以上的事件,2,HSR,,0.5,其N事件,,,
在模拟宇宙/差分宇宙中累计击败三只扑满,2,HSR,,,,,,进入战斗并成功击杀的扑满，冒险抓猪不算
不带秒杀完成3场遭遇战,2,HSR,,,,,,在“战斗”和“首领”以外的区域触发的战斗被视为遭遇战
≥7000攻击,2,HSR,,,,,,以面板上显示的数字为准
≥300速度,2,HSR,,,,,,以面板上显示的数字为准
≥400暴伤,2,HSR,,,,,,以面板上显示的数字为准
持有≥2个负面奇物,2,HSR,,0.4,奇物数量,,,
持有≥2个损坏奇物,2,HSR,,0.3,奇物数量,,,
拥有≥10个同命途祝福,2,HSR,,,,,,和我签订契约，成为命途行者吧~
使敌方身上的纠缠层数之和≥20,2,HSR,,,,,,
用全4星阵容完成一个战斗类任务,2,HSR,,,,,,"需要进入战斗的任务
比如造成XX伤害，叠XX层纠缠，击败XX等
也包括“面板数值≥X”类的任务"
展开3个方程或解锁两个回响构音,2,HSR,,,金方程数量,,,
击败一个（完整）敌人,2,HSR,,,,,,
玩坏一个鲁伯特奇物,3,HSR,,,,,,触发其损毁/丢弃条件
持有≥4个负面奇物,3,HSR,,0.3,奇物数量,,,
让一个敌人带有≥14个debuff,3,HSR,,,,,,打开面板查看游戏自带的负面计数为准
在不击败鸭鸭的情况下击败可可莉亚（完整）,3,HSR,,,,,,
宇宙碎片≥1000,3,HSR,,,,,,
遇见一个（其三）或以上的事件,3,HSR,,0.5,其N事件,,,
集齐所有命途特性,3,HSR,,,,,,"共9个
反震，离神，怀疑，珠露，会心，战意，回味，孢子，罐中脑"
在BOSS下次出手前使其行动延后10次,3,HSR,,,,,,"带有BOSS血条的敌人
行动条出现红色下降符号视为一次行动延后
解冻或寒梅绽也视为一次行动延后"
通关差分宇宙常规演算协议≥3,4,HSR,,,,,,
通关差分宇宙周期演算协议≥5,4,HSR,,,,,,
通关黄金与机械难度5,4,HSR,,,,,,
通关寰宇蝗灾难度5,4,HSR,,,,,,
累计开启24分的方程和回响,4,HSR,,,,,,"金方程6分，紫方程3分，蓝方程2分
命途回响、回响交错、回响构音每个4分
需要自己记一下分数（
只要弹出开启方程或回响的界面即累计分数，洗掉、重开、退出不扣分"
